file	line	pos	old	new	note
f028.txt	9	30	26	confirmed	confirmed
f028.txt	9	31	30	confirmed	confirmed
f028.txt	9	33	31	confirmed	confirmed
f028.txt	12	22	60	confirmed	confirmed
f028.txt	13	19	99	confirmed	confirmed
f028.txt	13	46	72?	79	misread
f028.txt	13	47	60	confirmed	confirmed
f028.txt	14	21	36	confirmed	confirmed
f028.txt	14	22	52	confirmed	confirmed
f028.txt	14	32	18	16?	misread
f028.txt	17	6	43	43?	illegible
f028.txt	19	3	42	confirmed	confirmed
f028.txt	19	4	58	confirmed	confirmed
f028.txt	19	37	94	confirmed	confirmed
f028.txt	19	38	30	confirmed	confirmed
f028.txt	19	40	44	confirmed	confirmed
f028.txt	25	9	22	confirmed	confirmed
f028.txt	26	39	90	96	misread
f028.txt	29	10	37	confirmed	confirmed
f028.txt	30	43	27	confirmed	confirmed
f028.txt	30	44	36	confirmed	confirmed
f028.txt	31	6	40	confirmed	confirmed
f028.txt	31	14	22	confirmed	confirmed
f028.txt	32	7	41	confirmed	confirmed
f028.txt	33	4	11	confirmed	confirmed
f028.txt	34	1	27	42	misread
f028.txt	34	2	36	confirmed	confirmed
f028.txt	34	8	40	confirmed	confirmed
f028.txt	35	23	81	confirmed	confirmed
f028.txt	35	24	86	confirmed	confirmed
f028.txt	36	28	42	confirmed	confirmed
f028.txt	36	42	29	confirmed	confirmed
f028.txt	37	1	50	confirmed	confirmed
f028.txt	37	5	60	confirmed	confirmed
f028.txt	38	27	36	confirmed	confirmed
f028.txt	38	28	90	confirmed	confirmed
f028.txt	49	31	77	confirmed	confirmed
f028.txt	53	7	22	confirmed	confirmed
f028.txt	53	12	32	confirmed	confirmed
f028.txt	55	19	36?	36	confirmed
f028.txt	55	20	71	confirmed	confirmed
f028.txt	55	21	38	confirmed	confirmed
f028.txt	57	6	25	confirmed	confirmed
f028.txt	57	11	81	confirmed	confirmed
f028.txt	59	25	22	22?	illegible
f016.txt	9	25	91	confirmed	confirmed
f016.txt	9	26	70	confirmed	confirmed
f016.txt	11	7	11	confirmed	confirmed
f016.txt	11	23	74	confirmed	confirmed
f016.txt	13	3	30	confirmed	confirmed
f016.txt	13	5	38	confirmed	confirmed
f016.txt	13	6	96	confirmed	confirmed
f016.txt	14	12	95	confirmed	confirmed
f016.txt	14	13	46	48	misread
f016.txt	15	10	81	confirmed	confirmed
f016.txt	15	11	83	confirmed	confirmed
f016.txt	15	19	25	confirmed	confirmed
f016.txt	15	22	44	confirmed	confirmed
f016.txt	19	20	31	confirmed	confirmed
f016.txt	21	8	22	confirmed	confirmed
f016.txt	21	24	76	confirmed	confirmed
f016.txt	21	25	65	confirmed	confirmed
f016.txt	21	26	60	confirmed	confirmed
f016.txt	21	27	31	confirmed	confirmed
f016.txt	24	23	15	confirmed	confirmed
f016.txt	24	24	44	49	misread
f016.txt	24	25	66	confirmed	confirmed
f016.txt	24	26	90	confirmed	confirmed
f016.txt	27	5	55	55?	illegible
f016.txt	27	18	30	36	misread
f016.txt	27	19	97	confirmed	confirmed
f016.txt	28	23	98	confirmed	confirmed
f016.txt	29	2	82	84	misread
f016.txt	29	13	63	confirmed	confirmed
f016.txt	29	11	22	42	misread
f016.txt	31	13	70	confirmed	confirmed
f016.txt	31	14	39	confirmed	confirmed
f016.txt	31	15	94	confirmed	confirmed
f016.txt	34	26	94	confirmed	confirmed
f016.txt	34	27	92	42	misread
f016.txt	36	17	44	confirmed	confirmed
f016.txt	36	21	71	confirmed	confirmed
f016.txt	37	27	78	79?	misread
f016.txt	38	6	76	70	misread
f016.txt	38	7	22	confirmed	confirmed
f016.txt	39	8	42	confirmed	confirmed
f029.txt	8	10	90	confirmed	confirmed
f029.txt	8	19	67	confirmed	confirmed
f029.txt	9	7	98	confirmed	confirmed
f029.txt	9	8	55	confirmed	confirmed
f029.txt	11	22	86	confirmed	confirmed
f029.txt	11	34	40	confirmed	confirmed
f029.txt	13	38	60?	60?	illegible
f029.txt	16	27	34	confirmed	confirmed
f029.txt	18	5	27	confirmed	confirmed
f029.txt	18	6	37	confirmed	confirmed
f029.txt	18	22	13	confirmed	confirmed
f029.txt	22	14	72	confirmed	confirmed
f029.txt	24	13	26	confirmed	confirmed
f029.txt	24	28	42	confirmed	confirmed
f029.txt	24	32	14	confirmed	confirmed
f029.txt	25	23	26	confirmed	confirmed
f029.txt	25	24	30	confirmed	confirmed
f029.txt	25	26	22	confirmed	confirmed
f029.txt	29	11	26	confirmed	confirmed
f029.txt	29	12	22	confirmed	confirmed
f029.txt	30	9	65	confirmed	confirmed
f029.txt	30	10	40	confirmed	confirmed
f032.txt	9	35	31	confirmed	confirmed
f032.txt	11	16	22	confirmed	confirmed
f032.txt	12	10	30	confirmed	confirmed
f032.txt	12	12	78	confirmed	confirmed
f032.txt	12	13	40	49	misread
f032.txt	12	17	26	confirmed	confirmed
f032.txt	13	6	94	confirmed	confirmed
f032.txt	13	8	76	confirmed	confirmed
f032.txt	13	9	70	confirmed	confirmed
f032.txt	13	13	71	confirmed	confirmed
f032.txt	13	14	25	confirmed	confirmed
f032.txt	16	7	39	confirmed	confirmed
f032.txt	16	8	27	confirmed	confirmed
f032.txt	17	9	63	confirmed	confirmed
f032.txt	19	21	90	confirmed	confirmed
f032.txt	21	12	19	confirmed	confirmed
f032.txt	21	14	97	confirmed	confirmed
f032.txt	21	15	77	confirmed	confirmed
f032.txt	21	21	63	confirmed	confirmed
f032.txt	24	2	12	confirmed	confirmed
f032.txt	24	3	30	confirmed	confirmed
f032.txt	24	5	22	confirmed	confirmed
f032.txt	24	6	26	confirmed	confirmed
f032.txt	24	7	90	confirmed	confirmed
f032.txt	26	15	90	confirmed	confirmed
f032.txt	28	13	90	confirmed	confirmed
f014.txt	10	1	97	confirmed	confirmed
f014.txt	11	35	58	confirmed	confirmed
f014.txt	12	1	97	confirmed	confirmed
f014.txt	12	20	99	confirmed	confirmed
f014.txt	13	7	42	confirmed	confirmed
f014.txt	13	11	80	60	misread
f014.txt	13	13	44	confirmed	confirmed
f014.txt	14	10	77	confirmed	confirmed
f014.txt	7	2	72	confirmed	confirmed
f014.txt	14	34	42	confirmed	confirmed
f014.txt	14	35	36'?	confirmed	confirmed
f014.txt	15	24	43	confirmed	confirmed
f014.txt	15	26	28	confirmed	confirmed
f014.txt	15	36	66	confirmed	confirmed
f014.txt	17	18	36	confirmed	confirmed
f014.txt	22	16	99	confirmed	confirmed
f014.txt	23	2	23	confirmed	confirmed
f014.txt	23	22	10	confirmed	confirmed
f014.txt	23	23	30	confirmed	confirmed
f014.txt	23	24	11	confirmed	confirmed
f014.txt	23	25	15	confirmed	confirmed
f014.txt	23	26	18	16?	misread
f014.txt	23	27	83	confirmed	confirmed
f014.txt	24	9	11	confirmed	confirmed
f014.txt	25	5	87	confirmed	confirmed
f014.txt	30	9	97	confirmed	confirmed
f023.txt	16	14	58	56	misread
f023.txt	19	13	15	confirmed	confirmed
f023.txt	29	16	51	confirmed	confirmed
f023.txt	29	17	77	confirmed	confirmed
f023.txt	31	14	50	confirmed	confirmed
f023.txt	32	16	27	confirmed	confirmed
f023.txt	32	17	26	confirmed	confirmed
f023.txt	34	1	15	confirmed	confirmed
f023.txt	36	34	39	confirmed	confirmed
f023.txt	36	35	15	confirmed	confirmed
f023.txt	38	7	37	confirmed	confirmed
f023.txt	38	8	70	confirmed	confirmed
f023.txt	41	9	80	confirmed	confirmed
f023.txt	43	9	32	confirmed	confirmed
