f024.txt	7	20	92	confirmed	confirmed
f024.txt	8	26	39	confirmed	confirmed
f024.txt	14	1	54	confirmed	confirmed
f024.txt	23	9	74	24	misread
f024.txt	23	10	97	confirmed	confirmed
f024.txt	23	11	43	confirmed	confirmed
f024.txt	23	12	47	47 (second 47 at pos 13 removed)	doubled
f024.txt	23	16	29	49	misread
f024.txt	23	17	97	confirmed	confirmed
f024.txt	24	16	44	confirmed	confirmed
f024.txt	25	15	40	confirmed	confirmed
f024.txt	25	16	74	24	misread
f024.txt	25	32	17	confirmed	confirmed
f024.txt	26	35	70	confirmed	confirmed
f024.txt	27	1	63	confirmed	confirmed
f018.txt	9	4	31	confirmed	confirmed
f018.txt	13	33	74	confirmed	confirmed
f018.txt	14	33	28	confirmed	confirmed
f018.txt	14	34	77	confirmed	confirmed
f018.txt	19	24	37	confirmed	confirmed
f018.txt	19	25	36	confirmed	confirmed
f018.txt	27	9	26	confirmed	confirmed
f018.txt	27	33	18	confirmed	confirmed
f018.txt	27	34	15	confirmed	confirmed
f018.txt	28	1	30	confirmed	confirmed
f018.txt	28	21	29	49	misread
f018.txt	28	22	31	confirmed	confirmed
f012.txt	8	41	58	confirmed	confirmed
f012.txt	8	42	83	confirmed	confirmed
f012.txt	13	5	18	48	misread
f012.txt	13	10	68	confirmed	confirmed
f012.txt	13	26	68	confirmed	confirmed
f012.txt	13	42	27	confirmed	confirmed
f012.txt	14	2	10	confirmed	confirmed
f012.txt	15	24	37	confirmed	confirmed
f012.txt	16	20	99	confirmed	confirmed
f012.txt	17	2	25	confirmed	confirmed
f012.txt	17	4	63	confirmed	confirmed
f012.txt	24	20	40	confirmed	confirmed
f012.txt	25	3	60	confirmed	confirmed
f012.txt	29	3	39	confirmed	confirmed
