f025.txt	10	23	38	confirmed	confirmed
f025.txt	11	1	43	confirmed	confirmed
f025.txt	11	7	94	84?	misread
f025.txt	11	8	31	confirmed	confirmed
f025.txt	13	12	56	confirmed	confirmed
f025.txt	13	13	91	confirmed	confirmed
f025.txt	14	21	71	confirmed	confirmed
f025.txt	18	1	95	confirmed	confirmed
f025.txt	22	22	18	(deleted)	doubled
f003.txt	4	29	13?	confirmed	confirmed
f003.txt	4	36	95	confirmed	confirmed
f003.txt	8	26	60?	60	confirmed
f003.txt	9	2	90	confirmed	confirmed
f003.txt	15	21	38	68	misread
f003.txt	17	8	66	confirmed	confirmed
f003.txt	18	12	30?	30	confirmed
f003.txt	18	11	9?	94?	illegible
f003.txt	19	13	26	confirmed	confirmed
f003.txt	20	10	83	confirmed	confirmed
f015.txt	6	6	58	confirmed	confirmed
f015.txt	10	14	31	confirmed	confirmed
f015.txt	10	15	36	confirmed	confirmed
f033.txt	15	9	27	confirmed	confirmed
f033.txt	16	2	63	confirmed	confirmed
f033.txt	16	1	24#?	24	misread
f033.txt	19	4	24	confirmed	confirmed
