f003.txt	line 4	pos 29	88 44 P <13?> 30 61 29	...chnochnitweiswoheruorunss[s]regarn[i]sonenhirnechstderu...
f003.txt	line 4	pos 36	70 25 83 <95> 13 35 63	...itweiswoheruorunss[s]regarn[i]sonenhirnechstderunterhal...
f003.txt	line 8	pos 26	 <60?> 57 87 31	...[t]man...
f003.txt	line 9	pos 2	 <90> 18 73 99	...[z]wolf...
f003.txt	line 15	pos 21	27 79 44 <38> 41 30 70	...ngernangebewegenderfriden[c]tractaten...
f003.txt	line 17	pos 8	74 73 H <66> 38 36 94	...soll[i]citire...
f003.txt	line 18	pos 12	 <30?> 55 19 26	...[r]actirenaufdisemitzigemzugst...
f003.txt	line 19	pos 13	61 <26> 29 55 30	...e[t]garbielderowegenbettagehoch...
f003.txt	line 20	pos 10	21 73 N <83> 	...garbielderowegenbettagehoch[n]...
f012.txt	line 8	pos 41	94 95 43 <58> 83	...meineabfertig[u][n]...
f012.txt	line 8	pos 42	95 43 58 <83> 	...meineabfertig[u][n]...
f012.txt	line 13	pos 5	58 84 97 <18> 97 24 83	...uer[w]rung[s]gelderuordalwig[s]...
f012.txt	line 13	pos 10	24 83 43 <68> 43 84 99	...uer[w]rung[s]gelderuordalwig[s]...
f012.txt	line 13	pos 26	37 95 43 <68> 	...uer[w]rung[s]gelderuordalwig[s]...
f012.txt	line 13	pos 42	61 S D <27> 	...wieauch[d]...
f012.txt	line 14	pos 2	Y <10> 34 71 39	...e[i][b]guardemil[l]nemenkan...
f012.txt	line 15	pos 24	63 79 77 <37> L 94 16	...ordremeines[w][t][t]ternuerhaltensobich...
f012.txt	line 16	pos 20	11 H 84 <99> 13 58 N	...zukostenmille[l]suchenoder...
f012.txt	line 17	pos 2	48 83 94 <25> 	...alhirgelassent[r]...
f012.txt	line 17	pos 4	 <63> 42 95 L	...[n]mittbringensollersterwarten...
f012.txt	line 24	pos 20	18 95? 97 <40> 10 88 97	...lrotdassderbischoffuonwir[z]burganihnimaugust[t]ogeschr...
f012.txt	line 25	pos 3	43 47 O <60> 93 54 61	...fuonwir[z]burganihnimaugust[t]ogeschribenwen...
f012.txt	line 29	pos 3	 <39> 81 70 30	...[a]partzu...
f014.txt	line 7	pos 2	 <72> 73 70 76	...[h]oaberdochnochamendedisesmon...
f014.txt	line 10	pos 1	 <97> 99 66 N	...[r]lichseinmichanbestimtemortt...
f014.txt	line 11	pos 35	G_ 83 13 <58> 	...prouiandirunghermansteins[u]...
f014.txt	line 12	pos 1	 <97> 43 84 63	...[r]genommen...
f014.txt	line 12	pos 20	25 11 Z <99> 21 35 B	...furetobrist[l]hoffmandasuolckdeme...
f014.txt	line 13	pos 7	76 97 55 <42> 19 55 12	...molbra[m]cap[c]...
f014.txt	line 13	pos 11	19 55 12 <80> 	...molbra[m]cap[c]...
f014.txt	line 13	pos 13	 <44> 82 49 99	...[n]helwigschmituomroten...
f014.txt	line 14	pos 10	81 16 44 <77> 	...adriauoncarpen[s]...
f014.txt	line 14	pos 34	92 61 83 <42> 36'? 54 79	...stucken[m][i]gegebender...
f014.txt	line 14	pos 35	61 83 42 <36'?> 54 79 29	...stucken[m][i]gegebender...
f014.txt	line 15	pos 24	 <43> 61 28 49	...[g]e[a]esenkommen[i]...
f014.txt	line 15	pos 26	43 61 <28> 49 68 49	...[g]e[a]esenkommen[i]...
f014.txt	line 15	pos 36	M 79 83 <66> 	...[g]e[a]esenkommen[i]...
f014.txt	line 17	pos 18	S 23 68 <36> 76 71 97	...aufs[i]burg...
f014.txt	line 22	pos 16	30 11 Z <99> 21 35 B	...schichtsowirtobrist[l]hoffmandielohngerathin[a][u...
f014.txt	line 23	pos 2	S 12? F <23> 42 55 30	...hoffmandielohngerathin[a][u]pau[f]marpurg...
f014.txt	line 23	pos 22	10 70 N <10> 30 11 15	...odercorbach[b][r][i][l][w][n]...
f014.txt	line 23	pos 23	70 N 10 <30> 11 15 18	...odercorbach[b][r][i][l][w][n]...
f014.txt	line 23	pos 24	N 10 30 <11> 15 18 83	...odercorbach[b][r][i][l][w][n]...
f014.txt	line 23	pos 25	10 30 11 <15> 18 83	...odercorbach[b][r][i][l][w][n]...
f014.txt	line 23	pos 26	30 11 15 <18> 83	...odercorbach[b][r][i][l][w][n]...
f014.txt	line 23	pos 27	11 15 18 <83> 	...odercorbach[b][r][i][l][w][n]...
f014.txt	line 24	pos 9	70 30 31 <11> 13 35 83	...seinegarn[i]songehen...
f014.txt	line 25	pos 5	55 22 S <87> 	...hanau[a]...
f014.txt	line 30	pos 9	71 46 61 <97> 	...herbdude[r]...
f015.txt	line 6	pos 6	 <58> 	...[u]...
f015.txt	line 10	pos 14	92 61 63 <31> 36	...rwaberunehattdiegedancken[n][i]...
f015.txt	line 10	pos 15	61 63 31 <36> 	...waberunehattdiegedancken[n][i]...
f016.txt	line 9	pos 25	97 41? 84 <91> 70 S 30	...wissensagtererwarte[b][a][a][u]regartalletagewide...
f016.txt	line 9	pos 26	41? 84 91 <70> S 30 16	...wissensagtererwarte[b][a][a][u]regartalletagewider...
f016.txt	line 11	pos 7	76 73 25 <11> 29 62 97	...reibetnochkurtzlistdasbor[i]gartnochnieaudien[s]gehabti...
f016.txt	line 11	pos 23	11 16 83 <74> 43 61 82	...tdasbor[i]gartnochnieaudien[s]gehabtichhabe...
f016.txt	line 13	pos 3	16 74 94 <30> 	...nachanfangdest[r]...
f016.txt	line 13	pos 5	 <38> 96 16 90	...[c][t]ezuminden...
f016.txt	line 13	pos 6	38 <96> 16 90 58	...[c][t]ezuminden...
f016.txt	line 14	pos 12	39 83 46 <95> 46	...kundigungdesstilstantsand[i][d]...
f016.txt	line 14	pos 13	83 46 95 <46> 	...undigungdesstilstantsand[i][d]...
f016.txt	line 15	pos 10	44 13 j <81> 83 26 Y	...tragonssch[p][n]teilgewo[r]...
f016.txt	line 15	pos 11	13 j 81 <83> 26 Y 99	...tragonssch[p][n]teilgewo[r]...
f016.txt	line 15	pos 19	79 37 73 <25> 	...tragonssch[p][n]teilgewo[r]...
f016.txt	line 15	pos 22	84 <44> 	...e[n]...
f016.txt	line 19	pos 20	 <31> 29 16 21	...[n]gehemmetwelchesdandemkonig...
f016.txt	line 21	pos 8	j <22> 12? 55 30	...sch[n]particulirschaden[b][r][t][...
f016.txt	line 21	pos 24	46 48 83 <76> 65 60 31	...sch[n]particulirschaden[b][r][t][n]genzudemehettoho...
f016.txt	line 21	pos 25	48 83 76 <65> 60 31 43	...sch[n]particulirschaden[b][r][t][n]genzudemehettohof...
f016.txt	line 21	pos 26	83 76 65 <60> 31 43 61	...sch[n]particulirschaden[b][r][t][n]genzudemehettohoff...
f016.txt	line 21	pos 27	76 65 60 <31> 43 61 63	...sch[n]particulirschaden[b][r][t][n]genzudemehettohoffb...
f016.txt	line 24	pos 23	67 84 63 <15> 44 66 90	...dieaufden[l][n][i][z]tendecemaerschiene...
f016.txt	line 24	pos 24	84 63 15 <44> 66 90 41	...dieaufden[l][n][i][z]tendecemaerschiene...
f016.txt	line 24	pos 25	63 15 44 <66> 90 41 16	...dieaufden[l][n][i][z]tendecemaerschiene...
f016.txt	line 24	pos 26	15 44 66 <90> 41 16 44	...dieaufden[l][n][i][z]tendecemaerschiene...
f016.txt	line 27	pos 5	H# 49 79 <55> 97? 82 87	...indeitschlantligenhellee[a]rhat[t]sichabern[r][r]gentz...
f016.txt	line 27	pos 18	16 30 44 <30> 97 54 84	...igenhellee[a]rhat[t]sichabern[r][r]gentzuuerstehenwolle...
f016.txt	line 27	pos 19	30 44 30 <97> 54 84 44	...genhellee[a]rhat[t]sichabern[r][r]gentzuuerstehenwollen...
f016.txt	line 28	pos 23	21 36 97 <98> 36 21 48	...wirtbaltuonhir[w]ihensorg[h]derwegenna[n]wer...
f016.txt	line 29	pos 2	93 25 54 <82> 27 16 30	...wirtbaltuonhir[w]ihensorg[h]derwegenna[n]werdesichauf...
f016.txt	line 29	pos 13	83 22 39 <63> 18 79 97	...onhir[w]ihensorg[h]derwegenna[n]werdesichaufdiegolderui...
f016.txt	line 31	pos 13	F <70> 39 94 57	...[a][u][a][a][t]machenkommen...
f016.txt	line 31	pos 14	F 70 <39> 94 57 28	...[a][u][a][a][t]machenkommen...
f016.txt	line 31	pos 15	F 70 39 <94> 57 28 D	...[a][u][a][a][t]machenkommen...
f016.txt	line 34	pos 26	86 97 95 <94> 92 55 N	...erredetabernirgentuonfri[t][k]achensagterwolteeinenfin...
f016.txt	line 34	pos 27	97 95 94 <92> 55 N 79	...erredetabernirgentuonfri[t][k]achensagterwolteeinenfing...
f016.txt	line 36	pos 17	H# 46 84 <44> 76 84 18	...ut[t]derfaustdrumbgebendassllde[n]bew[u]auenbrieffuonhi...
f016.txt	line 36	pos 21	76 84 18 <71> F# 61 63	...]derfaustdrumbgebendassllde[n]bew[u]auenbrieffuonhiruor...
f016.txt	line 37	pos 27	95 38 51 <78> L_ 82 84	...ankunftweggeschick[l][t]the[l]led[b][n]ihndeicht...
f016.txt	line 38	pos 6	H# 79 27 <76> 22 11 72	...kunftweggeschick[l][t]the[l]led[b][n]ihndeichte...
f016.txt	line 38	pos 7	79 27 76 <22> 11 72 83	...unftweggeschick[l][t]the[l]led[b][n]ihndeichte...
f016.txt	line 39	pos 8	29 84 25 <42> 29 61 57	...eralsdanmituielruhiger[m]gemuhtdieneenkontezudemewir...
f018.txt	line 9	pos 4	12 61 78 <31> 18 35 97	...endasauchetlichezukroppel[n]worden...
f018.txt	line 13	pos 33	76 79 30 <74> 37 11 16	...echtwieauchdienewenwerber[s]wieauchbeiligentzusehenser...
f018.txt	line 14	pos 33	61 22 29? <28> 77	...wegendesseng[a][s]...
f018.txt	line 14	pos 34	22 29? 28 <77> 	...wegendesseng[a][s]...
f018.txt	line 19	pos 24	37 36 H <37> 36 37 35	...zugehenanregenwill[w][i]wollergewaltigeargumenta...
f018.txt	line 19	pos 25	36 H 37 <36> 37 35 H	...zugehenanregenwill[w][i]wollergewaltigeargumentad...
f018.txt	line 27	pos 9	56 73 25 <26> 83 11 60	...anbewustemor[t]nitzuuersicherndanersich...
f018.txt	line 27	pos 33	 <18> 15 30 99	...[w][l][r]listwirteinschliessen...
f018.txt	line 27	pos 34	18 <15> 30 99 66	...[w][l][r]listwirteinschliessenl...
f018.txt	line 28	pos 1	18 15 <30> 99 66 Z?	...[w][l][r]listwirteinschliessenla...
f018.txt	line 28	pos 21	99 28 P <29> 31	...[l][r]listwirteinschliessenlass[g][n]...
f018.txt	line 28	pos 22	28 P 29 <31> 	...l][r]listwirteinschliessenlass[g][n]...
f023.txt	line 16	pos 14	16 Z 11 <58> 61 23 58	...ensondernweisetdieungesti[u]efurleitezubezalenunsanseim...
f023.txt	line 19	pos 13	49 79 84 <15> 10 11 54	...iekostennitbezalenwolteee[l]bigealsdanandenerschienente...
f023.txt	line 29	pos 16	30 11 16 <51> 77 31 73	...tenaussfurenallerhantkrie[k][s]notturftinzeitenherbeisc...
f023.txt	line 29	pos 17	11 16 51 <77> 31 73 L_	...enaussfurenallerhantkrie[k][s]notturftinzeitenherbeisch...
f023.txt	line 31	pos 14	70 60 S <50> 27 36 16	...ata[u][f]diegeldergemacht...
f023.txt	line 32	pos 16	61 22 32 <27> 26 19 61	...schonordrewozusieangewend[d][t]cerdensoltengegebenhette...
f023.txt	line 32	pos 17	22 32 27 <26> 19 61 25	...chonordrewozusieangewend[d][t]cerdensoltengegebenhetten...
f023.txt	line 34	pos 1	58 73 83 <15> 	...derassignationuon[l]...
f023.txt	line 36	pos 34	97 29 49 <39> 15 19? 73	...sozihetmandieschuldernsorge[a][l]comanaufdiegelderkeing...
f023.txt	line 36	pos 35	29 49 39 <15> 19? 73 42	...ozihetmandieschuldernsorge[a][l]comanaufdiegelderkeinge...
f023.txt	line 38	pos 7	28 15 13 <37> 70 84 G_	...als[w][a]ee[i]e[i]einen...
f023.txt	line 38	pos 8	15 13 37 <70> 84 G_ G_	...als[w][a]ee[i]e[i]einen...
f023.txt	line 41	pos 9	94 97 89 <80> 96? 66 25	...daselbstfriedentro[c]tirensoltendanzu...
f023.txt	line 43	pos 9	73 83 74 <32> 84 99 55	...baspons[d]elaguarnezustettinankommens...
f024.txt	line 7	pos 20	46 16 44 <92> 	...mitden[k]...
f024.txt	line 8	pos 26	27 48 44 <39> 12 70 30	...einenfrieden[a]partzutractirenmittbrachtha...
f024.txt	line 14	pos 1	99 87 29 <54> 49	...darzuabereingrosseruerlag[g]e...
f024.txt	line 23	pos 9	48 15 76 <74> 97 43 47	...ineckelb[s][r][g][u]unt[g][r]haltenwol...
f024.txt	line 23	pos 10	15 76 74 <97> 43 47 47	...ineckelb[s][r][g][u]unt[g][r]haltenwoll...
f024.txt	line 23	pos 11	76 74 97 <43> 47 47 22	...ineckelb[s][r][g][u]unt[g][r]haltenwollt...
f024.txt	line 23	pos 12	74 97 43 <47> 47 22 41	...ineckelb[s][r][g][u]unt[g][r]haltenwollte...
f024.txt	line 23	pos 16	47 22 41 <29> 97 82 55	...ineckelb[s][r][g][u]unt[g][r]haltenwollten...
f024.txt	line 23	pos 17	22 41 29 <97> 82 55 15	...ineckelb[s][r][g][u]unt[g][r]haltenwollten...
f024.txt	line 24	pos 16	61 <44> 90 88 37	...e[n]zuwinsenwiderandaslant[z]ss...
f024.txt	line 25	pos 15	28 83 96 <40> 74 77 49	...e[n]zuwinsenwiderandaslant[z]ssetzen...
f024.txt	line 25	pos 32	63 49 44 <17> 58 55 30	...nachseinen[c]uartirenoderderschwedischen...
f024.txt	line 26	pos 35	90 47 99 <70> 	...rschwedischenarmeeegehenzul[a]...
f024.txt	line 27	pos 1	84 <63> 77 93 78	...e[n]solcherge...
f025.txt	line 10	pos 23	63 28? 22 <38> 11 73 22	...ntirenwasaberdasfurlohnan[c]ionuordie[g]efangt[n]e...
f025.txt	line 11	pos 1	32 11 16 <43> 61 86 87	...berdasfurlohnan[c]ionuordie[g]efangt[n]e...
f025.txt	line 11	pos 8	31 54 94 <31> 79	...urlohnan[c]ionuordie[g]efangt[n]e...
f025.txt	line 13	pos 12	11 16 16 <56> 91 86 87	...nsondernweissetunsaufdiee[m][b]fangene...
f025.txt	line 13	pos 13	16 16 56 <91> 86 87 83	...sondernweissetunsaufdiee[m][b]fangene...
f025.txt	line 14	pos 21	 <71> 73 56 L?	...[u]omtt...
f025.txt	line 18	pos 1	N 84 63 <95> 86 Y 22	...seinepriuatsachen[i]feinenstantrichtenwolnedami...
f025.txt	line 22	pos 22	78 90 88 <18> 	...nkontewildaraufzwarwohlzu[w]...
f028.txt	line 9	pos 30	11 A H# <26> 30	...chnunzwarwohlsobaltmitt[l][l][t][r]...
f028.txt	line 9	pos 31	A H# 26 <30> 	...hnunzwarwohlsobaltmitt[l][l][t][r]...
f028.txt	line 9	pos 33	 <31> 58 35 83	...[n]uonhieraufmacher...
f028.txt	line 12	pos 22	25 86 G_ <60> 55 10 16	...derfei[t]aber...
f028.txt	line 13	pos 19	73 22 77 <99> 	...tragons[l]...
f028.txt	line 13	pos 46	54 16 22 <72?> 60 37 70	...ausslottringen[h][t]wam[m]...
f028.txt	line 13	pos 47	16 22 72? <60> 37 70 M?	...ausslottringen[h][t]wam[m]...
f028.txt	line 14	pos 21	 <36> 52 73 40	...[i][z]ozusammeng[w]hett...
f028.txt	line 14	pos 22	36 <52> 73 40 71	...[i][z]ozusammeng[w]hett...
f028.txt	line 14	pos 32	16 44 43 <18> 72 16 A	...[i][z]ozusammeng[w]hett...
f028.txt	line 17	pos 6	31 X 93 <43> L? 84 68	...uiellzeitehemanscho[g][t]tesozursehegehen...
f028.txt	line 19	pos 3	32 11? 22 <42> 58 D 61	...ndiguonhierabgefurtwerdin[m][u]chenzwolff...
f028.txt	line 19	pos 4	11? 22 42 <58> D 61 63	...diguonhierabgefurtwerdin[m][u]chenzwolff...
f028.txt	line 19	pos 37	 <94> 30	...[t][r]...
f028.txt	line 19	pos 38	94 <30> 	...[t][r]...
f028.txt	line 19	pos 40	 <44> 67 55 30	...[n]darautgeladen...
f028.txt	line 25	pos 9	84 W 16 <22> 76 61 23	...ankeingarnisononeexpresse[n]befelcheinsolchanzalschieff...
f028.txt	line 26	pos 39	99 Y N <90> 55 76 63	...intentiondarauchleich[z]abnemen...
f028.txt	line 29	pos 10	 <37> 36 F D	...[w]iauchstuckegeeo[m]menwerden...
f028.txt	line 30	pos 43	98 55 30 <27> 36	...derleimehrbegerenessseintzwar[d][i]...
f028.txt	line 30	pos 44	55 30 27 <36> 	...erleimehrbegerenessseintzwar[d][i]...
f028.txt	line 31	pos 6	16 37 16 <40> 37 73 78	...newe[z]wolfpfu[n]digestuckeuon...
f028.txt	line 31	pos 14	53 23 71 <22> 27 11 43	...newe[z]wolfpfu[n]digestuckeuon...
f028.txt	line 32	pos 7	11 30 61 <41> 68 73 72	...lhirabernochnittlaue[t]tire[t]sohattmanauchkeinekugel...
f028.txt	line 33	pos 4	39 A <11> 78 39 54	...att[i]lage...
f028.txt	line 34	pos 1	56 16 30 <27> 36	...rgabgedancketwirtauchnunmer[d][i]...
f028.txt	line 34	pos 2	16 30 27 <36> 	...gabgedancketwirtauchnunmer[d][i]...
f028.txt	line 34	pos 8	70 22 60 <40> 73 68 95	...rant[z]osichwidereinlassendaherauf...
f028.txt	line 35	pos 23	92 70 30 <81> 86 S W	...kar[p][f]aussirenposten...
f028.txt	line 35	pos 24	70 30 81 <86> S W 36	...kar[p][f]aussirenposten...
f028.txt	line 36	pos 28	16 S D <42> 	...stuckeauch[m]...
f028.txt	line 36	pos 42	73 25 B <29> 84 50 98	...nachwarendorff[g]e[f]wre[t]seineintentronabe...
f028.txt	line 37	pos 1	B 29 84 <50> 98 30 16	...nachwarendorff[g]e[f]wre[t]seineintentronaberm...
f028.txt	line 37	pos 5	98 30 16 <60> 13 Y 44	...nachwarendorff[g]e[f]wre[t]seineintentronabermanam...
f028.txt	line 38	pos 27	 <36> 90 73 77	...[i][z]ososchlechtauehetnitabzu...
f028.txt	line 38	pos 28	36 <90> 73 77 73	...[i][z]ososchlechtauehetnitabzuz...
f028.txt	line 49	pos 31	Y 22 60 <77> 82 70 15	...wenesnurdechobigenfeint[s]halberistergeschehenkan...
f028.txt	line 53	pos 7	13 55 E <22> 	...ichderfeintwelcherbeisamm[n]...
f028.txt	line 53	pos 12	36 70 44 <32> 37 16 30	...ian[d]wertsozumaufbruchsichzwisch...
f028.txt	line 55	pos 19	38 73 22 <36?> 71 38 60	...dammdiecon[i][u][c]tion...
f028.txt	line 55	pos 20	73 22 36? <71> 38 60 11	...dammdiecon[i][u][c]tion...
f028.txt	line 55	pos 21	22 36? 71 <38> 60 11 73	...dammdiecon[i][u][c]tion...
f028.txt	line 57	pos 6	13 10 Y <25> 	...fuglicheralsbei[r]...
f028.txt	line 57	pos 11	80 78 73 <81> 72 16 22	...clo[p]henburgoderuechtegeschehend...
f028.txt	line 59	pos 25	16 46 W <22> 62 76 25	...habensied[s][s][n]abruckanderseitenkanauc...
f029.txt	line 8	pos 10	11 15 60 <90> 72 S 13	...uechtewilt[z]hausenunt[d]epholtschlechtb...
f029.txt	line 8	pos 19	88 44 96 <67> 16 81 82	...uechtewilt[z]hausenunt[d]epholtschlechtbesetzseinf...
f029.txt	line 9	pos 7	16 22 S <98> 55 16 61	...ltschlechtbesetzseinforsten[a][u][w][a]eeristmitt...
f029.txt	line 9	pos 8	22 S 98 <55> 16 61 30	...tschlechtbesetzseinforsten[a][u][w][a]eeristmitt...
f029.txt	line 11	pos 22	84 25 Z <86> 	...rdainguarnisonistsicherst[f]...
f029.txt	line 11	pos 34	 <40> 55 W 30	...[z]assreiderlantzuerstwiederma...
f029.txt	line 13	pos 38	 <60?> 92 73 53	...[t]kopffenwerbenaucheineschant...
f029.txt	line 16	pos 27	61 55 M <34> N 74 73	...sollenauchseintdiewegeamm[g]chsobosdassmanmittwagen...
f029.txt	line 18	pos 5	 <27> 37 P 36	...[d][w][s]sichwegendessfeint[s]...
f029.txt	line 18	pos 6	27 <37> P 36 N	...[d][w][s]sichwegendessfeint[s]z...
f029.txt	line 18	pos 22	Y 22 60 <13> 40 88 77	...[d][w][s]sichwegendessfeint[s]zusammem[m]gehen...
f029.txt	line 22	pos 14	16 30 41 <72> 	...auffallepunctenuntert[h]...
f029.txt	line 24	pos 13	11 30 48 <26> 37 61 30	...zuerhebenpussire[t]werdenobichaber[m]leich[u]o...
f029.txt	line 24	pos 28	10 79 25 <42> 99 Y N	...enpussire[t]werdenobichaber[m]leich[u]ohl...
f029.txt	line 24	pos 32	99 Y N <14> 73 72 78	...ire[t]werdenobichaber[m]leich[u]ohl...
f029.txt	line 25	pos 23	 <26> 30	...[t][r]...
f029.txt	line 25	pos 24	26 <30> 	...[t][r]...
f029.txt	line 25	pos 26	 <22> 39 H Y	...[n]alleinauc...
f029.txt	line 29	pos 11	82 73 72 <26> 22 27 89	...obristerhoh[t][n]dorfist...
f029.txt	line 29	pos 12	73 72 26 <22> 27 89 30	...obristerhoh[t][n]dorfist...
f029.txt	line 30	pos 9	32 48 44 <65> 40 Z 88	...kommenberichtetdasserden[r][z]stuonseinem...
f029.txt	line 30	pos 10	48 44 65 <40> Z 88 73	...kommenberichtetdasserden[r][z]stuonseinem...
f032.txt	line 9	pos 35	Z 39 99 <31> 46 25 16	...adrextraordin[m][m]reguiestal[n]dresdelacuebeuocculacop...
f032.txt	line 11	pos 16	55 15 73 <22> 32 30 84	...amonssengelalo[n]dres...
f032.txt	line 12	pos 10	62 27 Y <30> 	...ammbassadei[r]...
f032.txt	line 12	pos 12	 <78> 40 27 36	...[l][z]dic[t]sengell...
f032.txt	line 12	pos 13	78 <40> 27 36 38	...[l][z]dic[t]sengell...
f032.txt	line 12	pos 17	27 36 38 <26> 68 61 22	...[l][z]dic[t]sengell...
f032.txt	line 13	pos 6	27 36 38 <94> Z 76 70	...[a][u]dic[t][s][t][b][a]ade[u][r]...
f032.txt	line 13	pos 8	38 94 Z <76> 70 39 67	...[a][u]dic[t][s][t][b][a]ade[u][r]...
f032.txt	line 13	pos 9	94 Z 76 <70> 39 67 79	...[a][u]dic[t][s][t][b][a]ade[u][r]...
f032.txt	line 13	pos 13	39 67 79 <71> 25	...[a][u]dic[t][s][t][b][a]ade[u][r]...
f032.txt	line 13	pos 14	67 79 71 <25> 	...[a][u]dic[t][s][t][b][a]ade[u][r]...
f032.txt	line 16	pos 7	10 28 D <39> 27 91 79	...ambach[a][d]beuer...
f032.txt	line 16	pos 8	28 D 39 <27> 91 79 24	...ambach[a][d]beuer...
f032.txt	line 17	pos 9	35 22 48 <63> 	...auslone[n]...
f032.txt	line 19	pos 21	50 70 15 <90> 32 16 65	...derpfal[z]dernechst...
f032.txt	line 21	pos 12	15 13 48 <19> 	...nichtuielse[c]...
f032.txt	line 21	pos 14	 <97> 77 90 58	...[r][s]zuhoff[n]...
f032.txt	line 21	pos 15	97 <77> 90 58 21	...[r][s]zuhoff[n]...
f032.txt	line 21	pos 21	21 35 B <63> 	...[r][s]zuhoff[n]...
f032.txt	line 24	pos 2	 <12> 30 N' 22	...[p][r][c][h][n][t][z]robert...
f032.txt	line 24	pos 3	12 <30> N' 22 26	...[p][r][c][h][n][t][z]robert...
f032.txt	line 24	pos 5	12 30 N' <22> 26 90 30	...[p][r][c][h][n][t][z]robert...
f032.txt	line 24	pos 6	30 N' 22 <26> 90 30 73	...[p][r][c][h][n][t][z]robert...
f032.txt	line 24	pos 7	N' 22 26 <90> 30 73 91	...[p][r][c][h][n][t][z]robert...
f032.txt	line 26	pos 15	12 70 15 <90> 	...pal[z]...
f032.txt	line 28	pos 13	X 69 B <90> 	...schiff[z]...
f033.txt	line 15	pos 9	48 21 30 <27> 	...nos[t]sehr[d]...
f033.txt	line 16	pos 2	 <63> 51 79 15	...[n]kel...
f033.txt	line 19	pos 4	21 73 B <24> 35	...hoff[u]o...
