# Key no. 57 word list 99-353, read off fr. 3995 f. 103r (Gallica btv1b525085665 canvas 200) on 2 Oct 2026,
# column by column, for the reading of fr. 3985 f. 58. Office spelling kept; "/" = "ou". ? = unsure reading.
99	a
100	aux
101	au
102	an
103	aussy
104	art
105	artifice
106	amy
107	assemblee
108	asseurance / asseure
109	allee
110	argent
111	agent
112	ambassadeur
113	ambition
114	advertissement / advertir
115	ame
116	abandonne
117	aide / aidee
118	armee
119	absence
120	aimee / amour
121	affligee / affliction
122	bien
123	bon
124	bonne
125	but
126	bois
127	bref
128	brasse / brassee
129	blasme
130	bienfera?
131	bataille
132	baillee
133	bonte
134	bruict
135	bienfaict
136	bout
137	bouo?
138	commandement / commande
139	capitulee / capitulation
140	contente / contentement
141	catholique
142	crainte
143	changee / changement
144	consolee
145	conservee / conservation
146	conseil
147	craindre
148	crainte? (craincte)
149	creance / croit
150	congnoystre / congnoyssance
151	conspiree
152	confession / confesse
153	cause
154	chose(s)
155	conducte / conduire
156	calamite
157	contraire
158	demandee
159	donnee
160	desire / desiree
161	desespoir
162	despit
163	dire
164	declaree / declaration
165	dangier
166	desdain
167	dessein
168	divisee / division
169	dict
170	dont
171	douleur / douloir
172	deffence / deffendre
173	donc
174	evesque / evesche
175	escrire / escript
176	ennuie / ennuy?
177	espoir / espere
178	ennuy
179	envie
180	enduree?
181	ennemy
182	entreprendre / entreprinse
183	estre
184	est
185	et
186	en
187	eut / eu
188	esbranle
189	esclaircir
190	emeu / esmouvoir
191	entendre
192	escoute
193	effect
194	effarre?
195	fez? (fes)
196	force
197	faire
198	fournir
199	favorise
200	fruit
201	fondz
202	font
203	faut / fait
204	faulte
205	fortiffie
206	facilite
207	forme
208	fasche
209	foulle
210	fantaisie
211	fort
212	feinte / feintise
213	forfait
214	foi
215	fut
216	feu?
217	formalite / formalise
218	gouverneur / gouvernement
219	gratiffie
220	gaing / gaignee
221	gardee
222	guerre
223	garnison
224	gens
225	grant
226	gros
227	gourmandee
228	glisse?
229	honneur
230	honnorable / honneste
231	heur / heureux
232	homme
233	hazart / hazarde
234	hault
235	hora? (hors)
236	honte
237	horreur
238	haste
239	habille
240	inutile
241	insolent / insolence
242	jaloux / jalousie
243	importance
244	insupportable
245	instruire / instruction
246	jamais
247	jamet? (iamet)
248	ilz / il
249	je / jay
250	inconvenient
251	incontinant
252	lettre
253	livre
254	l'ardeur?
255	longueur
256	l'interieur?
257	l'experience
258	loyal
259	largeur?
260	l'ombre?
261	lors?
262	luy
263	leur?
264	l'exterieur?
265	maistre
266	mandee
267	meschant / meschancete
268	mallade / malladie
269	malheur
270	mescontant / mescontentement
271	malice
272	mort
273	mont
274	moy
275	mon? (moin?)
276	menee / mener
277	monde
278	mocquee / mocquerie
279	mal
280	malveillance
281	mesdire / mesdisance
282	negligence
283	nuire
284	nouvelle
285	necessaire / necessite
286	non
287	nont? (nom?)
288	nous
289	nul
290	neant
291	onze?
292	ont
293	occasion
294	or
295	oubliee
296	offencee
297	presence
298	peyne
299	pitie
300	personne
301	perdre
302	party
303	pouvoir
304	pour
305	par
306	possible
307	(struck through; 307 quant heads the Q column)
200_	plus (overbarred, P column)
201_	point (overbarred)
202_	prendre (overbarred)
203_	permettre / permis (overbarred)
307	quant
308	qualite
309	quoy? (q'uoy)
310	quantite
311	quelz?
312	quoy
313	quelle
314	quel
315	resolution / resouldre
316	rendre
317	remarque?
318	relever?
319	recongnoistre
320	religion (R column) / sans (added in S column)
321	raison
322	retraicte
323	remede / remedier
324	reglement
325	retourne?
326	regne?
300_	ruy? (overbarred, foot of R column; reading unsure)
327	serviteur
328	supplie?
329	souhaitte
330	sante
331	seurete
332	seul
333	soy
334	son
335	soit
336	suffisant / suffisance
337	servir
338	trouble
339	trompette
340	tabour
341	tient / tenir
342	tel
343	tous
344	tout
345	veult
346	volonte / vouloir
347	vous
348	voir
349	voie
350	venir
351	vacquee?
352	vivant
353	visite?
# PROVINCES (overbarred, bracket bar) 1-33
1_	France
2_	Normandie
3_	Bretaigne
4_	Guienne
5_	Languedoc
6_	Saintonge
7_	Angoulmois
8_	Provence
9_	Daulphine
10_	Lyonnois
11_	Bourgongne
12_	Champaigne
13_	Picardie
14_	Anjou
15_	Poictou
16_	? (Perche?)
17_	Savoie
18_	Italie
19_	Valentinois?
20_	Vendomois?
21_	Allemaigne
22_	Angleterre
23_	la Franche Comte
24_	les Pays Bas
25_	Marquisat de Saluces
26_	Piedmont
27_	Auvergne
28_	Limosin
29_	L'Espaigne ou Espagnols
30_	Lorraine
31_	Nivernois
32_	Rethelois
33_	Berry?
# TOWNS (overbarred) 34-68
34_	Paris
35_	Rouen
36_	Lyon
37_	Orleans
38_	Bourges
39_	Tours
40_	St Denis
41_	le fort de Gournay
42_	Charenton?
45_	Meaux
46_	Melun
47_	Corbeil
48_	Pontoise
49_	Senlis
50_	Chaalons
51_	Vitry
52_	Ste Menehould
53_	Espernay
54_	Langres
55_	Nogent
56_	Bray
59_	Provins
60_	Troyes
61_	Sens
62_	Auxerre
63_	Reims
64_	Chasteau-Thierry
65_	Nevers
66_	Moulins
67_	Chartres
68_	Metz
