line,operation,original_start_one_based,original_end_inclusive,final_start_one_based,final_end_inclusive,original_normalized,final_normalized,evidence,limits,net_alphabetic_change,phase_displacement_before,phase_displacement_after,source_class,phase_note
1,replace,27,27,27,27,g,q,"Separate AI image-reading passes, including source-only adjudication; no human paleographer review claimed",Sequence alignment is not unique for repeated glyphs; do not equate changed runs with a count of original scribal errors.,0,0,0,Reported image support in prior analysis; source alternatives retained; not reverified by this numerical checker,"Sequence alignment is nonunique; this is accounting, not a unique history of errors."
1,replace,53,53,53,53,g,q,"Separate AI image-reading passes, including source-only adjudication; no human paleographer review claimed",Sequence alignment is not unique for repeated glyphs; do not equate changed runs with a count of original scribal errors.,0,0,0,Reported image support in prior analysis; source alternatives retained; not reverified by this numerical checker,"Sequence alignment is nonunique; this is accounting, not a unique history of errors."
2,replace,15,15,15,15,g,q,"Separate AI image-reading passes, including source-only adjudication; no human paleographer review claimed",Sequence alignment is not unique for repeated glyphs; do not equate changed runs with a count of original scribal errors.,0,0,0,Reported image support in prior analysis; source alternatives retained; not reverified by this numerical checker,"Sequence alignment is nonunique; this is accounting, not a unique history of errors."
2,replace,17,17,17,17,g,q,"Separate AI image-reading passes, including source-only adjudication; no human paleographer review claimed",Sequence alignment is not unique for repeated glyphs; do not equate changed runs with a count of original scribal errors.,0,0,0,Reported image support in prior analysis; source alternatives retained; not reverified by this numerical checker,"Sequence alignment is nonunique; this is accounting, not a unique history of errors."
2,replace,25,25,25,25,g,q,"Separate AI image-reading passes, including source-only adjudication; no human paleographer review claimed",Sequence alignment is not unique for repeated glyphs; do not equate changed runs with a count of original scribal errors.,0,0,0,Reported image support in prior analysis; source alternatives retained; not reverified by this numerical checker,"Sequence alignment is nonunique; this is accounting, not a unique history of errors."
3,delete,10,10,10,9,l,,"Separate AI image-reading passes, including source-only adjudication; no human paleographer review claimed",Sequence alignment is not unique for repeated glyphs; do not equate changed runs with a count of original scribal errors.,-1,0,4,Reported image support in prior analysis; source alternatives retained; not reverified by this numerical checker,"Sequence alignment is nonunique; this is accounting, not a unique history of errors."
3,delete,14,14,13,12,l,,"Separate AI image-reading passes, including source-only adjudication; no human paleographer review claimed",Sequence alignment is not unique for repeated glyphs; do not equate changed runs with a count of original scribal errors.,-1,4,3,Reported image support in prior analysis; source alternatives retained; not reverified by this numerical checker,"Sequence alignment is nonunique; this is accounting, not a unique history of errors."
3,replace,20,20,18,19,u,ii,"Separate AI image-reading passes, including source-only adjudication; no human paleographer review claimed",Sequence alignment is not unique for repeated glyphs; do not equate changed runs with a count of original scribal errors.,1,3,4,Reported image support in prior analysis; source alternatives retained; not reverified by this numerical checker,"Sequence alignment is nonunique; this is accounting, not a unique history of errors."
3,delete,25,25,24,23,l,,"Separate AI image-reading passes, including source-only adjudication; no human paleographer review claimed",Sequence alignment is not unique for repeated glyphs; do not equate changed runs with a count of original scribal errors.,-1,4,3,Reported image support in prior analysis; source alternatives retained; not reverified by this numerical checker,"Sequence alignment is nonunique; this is accounting, not a unique history of errors."
3,replace,28,28,26,26,g,q,"Separate AI image-reading passes, including source-only adjudication; no human paleographer review claimed",Sequence alignment is not unique for repeated glyphs; do not equate changed runs with a count of original scribal errors.,0,3,3,Reported image support in prior analysis; source alternatives retained; not reverified by this numerical checker,"Sequence alignment is nonunique; this is accounting, not a unique history of errors."
3,replace,42,42,40,40,g,q,"Separate AI image-reading passes, including source-only adjudication; no human paleographer review claimed",Sequence alignment is not unique for repeated glyphs; do not equate changed runs with a count of original scribal errors.,0,3,3,Reported image support in prior analysis; source alternatives retained; not reverified by this numerical checker,"Sequence alignment is nonunique; this is accounting, not a unique history of errors."
3,insert,65,64,63,63,,p,"Separate AI image-reading passes, including source-only adjudication; no human paleographer review claimed",Sequence alignment is not unique for repeated glyphs; do not equate changed runs with a count of original scribal errors.,1,3,4,Reported image support in prior analysis; source alternatives retained; not reverified by this numerical checker,"Sequence alignment is nonunique; this is accounting, not a unique history of errors."
4,delete,21,21,21,20,l,,"Separate AI image-reading passes, including source-only adjudication; no human paleographer review claimed",Sequence alignment is not unique for repeated glyphs; do not equate changed runs with a count of original scribal errors.,-1,4,3,Reported image support in prior analysis; source alternatives retained; not reverified by this numerical checker,"Sequence alignment is nonunique; this is accounting, not a unique history of errors."
4,delete,24,24,23,22,l,,"Separate AI image-reading passes, including source-only adjudication; no human paleographer review claimed",Sequence alignment is not unique for repeated glyphs; do not equate changed runs with a count of original scribal errors.,-1,3,2,Reported image support in prior analysis; source alternatives retained; not reverified by this numerical checker,"Sequence alignment is nonunique; this is accounting, not a unique history of errors."
4,delete,44,44,42,41,l,,"Separate AI image-reading passes, including source-only adjudication; no human paleographer review claimed",Sequence alignment is not unique for repeated glyphs; do not equate changed runs with a count of original scribal errors.,-1,2,1,Reported image support in prior analysis; source alternatives retained; not reverified by this numerical checker,"Sequence alignment is nonunique; this is accounting, not a unique history of errors."
4,replace,46,46,43,43,g,q,"Separate AI image-reading passes, including source-only adjudication; no human paleographer review claimed",Sequence alignment is not unique for repeated glyphs; do not equate changed runs with a count of original scribal errors.,0,1,1,Reported image support in prior analysis; source alternatives retained; not reverified by this numerical checker,"Sequence alignment is nonunique; this is accounting, not a unique history of errors."
4,delete,57,57,54,53,l,,"Separate AI image-reading passes, including source-only adjudication; no human paleographer review claimed",Sequence alignment is not unique for repeated glyphs; do not equate changed runs with a count of original scribal errors.,-1,1,0,Reported image support in prior analysis; source alternatives retained; not reverified by this numerical checker,"Sequence alignment is nonunique; this is accounting, not a unique history of errors."
5,replace,32,32,32,32,g,q,"Separate AI image-reading passes, including source-only adjudication; no human paleographer review claimed",Sequence alignment is not unique for repeated glyphs; do not equate changed runs with a count of original scribal errors.,0,0,0,Reported image support in prior analysis; source alternatives retained; not reverified by this numerical checker,"Sequence alignment is nonunique; this is accounting, not a unique history of errors."
5,delete,43,43,43,42,l,,"Separate AI image-reading passes, including source-only adjudication; no human paleographer review claimed",Sequence alignment is not unique for repeated glyphs; do not equate changed runs with a count of original scribal errors.,-1,0,4,Reported image support in prior analysis; source alternatives retained; not reverified by this numerical checker,"Sequence alignment is nonunique; this is accounting, not a unique history of errors."
6,delete,22,22,22,21,l,,"Separate AI image-reading passes, including source-only adjudication; no human paleographer review claimed",Sequence alignment is not unique for repeated glyphs; do not equate changed runs with a count of original scribal errors.,-1,4,3,Reported image support in prior analysis; source alternatives retained; not reverified by this numerical checker,"Sequence alignment is nonunique; this is accounting, not a unique history of errors."
6,replace,40,40,39,39,g,q,"Separate AI image-reading passes, including source-only adjudication; no human paleographer review claimed",Sequence alignment is not unique for repeated glyphs; do not equate changed runs with a count of original scribal errors.,0,3,3,Reported image support in prior analysis; source alternatives retained; not reverified by this numerical checker,"Sequence alignment is nonunique; this is accounting, not a unique history of errors."
6,delete,44,44,43,42,l,,"Separate AI image-reading passes, including source-only adjudication; no human paleographer review claimed",Sequence alignment is not unique for repeated glyphs; do not equate changed runs with a count of original scribal errors.,-1,3,2,Reported image support in prior analysis; source alternatives retained; not reverified by this numerical checker,"Sequence alignment is nonunique; this is accounting, not a unique history of errors."
7,delete,2,2,2,1,l,,"Separate AI image-reading passes, including source-only adjudication; no human paleographer review claimed",Sequence alignment is not unique for repeated glyphs; do not equate changed runs with a count of original scribal errors.,-1,2,1,Reported image support in prior analysis; source alternatives retained; not reverified by this numerical checker,"Sequence alignment is nonunique; this is accounting, not a unique history of errors."
7,delete,23,23,22,21,l,,"Separate AI image-reading passes, including source-only adjudication; no human paleographer review claimed",Sequence alignment is not unique for repeated glyphs; do not equate changed runs with a count of original scribal errors.,-1,1,0,Reported image support in prior analysis; source alternatives retained; not reverified by this numerical checker,"Sequence alignment is nonunique; this is accounting, not a unique history of errors."
7,replace,26,26,24,24,z,t,"Separate AI image-reading passes, including source-only adjudication; no human paleographer review claimed",Sequence alignment is not unique for repeated glyphs; do not equate changed runs with a count of original scribal errors.,0,0,0,Reported image support in prior analysis; source alternatives retained; not reverified by this numerical checker,"Sequence alignment is nonunique; this is accounting, not a unique history of errors."
8,delete,35,35,35,34,l,,"Separate AI image-reading passes, including source-only adjudication; no human paleographer review claimed",Sequence alignment is not unique for repeated glyphs; do not equate changed runs with a count of original scribal errors.,-1,0,4,Reported image support in prior analysis; source alternatives retained; not reverified by this numerical checker,"Sequence alignment is nonunique; this is accounting, not a unique history of errors."
8,delete,39,39,38,37,l,,"Separate AI image-reading passes, including source-only adjudication; no human paleographer review claimed",Sequence alignment is not unique for repeated glyphs; do not equate changed runs with a count of original scribal errors.,-1,4,3,Reported image support in prior analysis; source alternatives retained; not reverified by this numerical checker,"Sequence alignment is nonunique; this is accounting, not a unique history of errors."
9,replace,17,17,17,17,g,q,"Separate AI image-reading passes, including source-only adjudication; no human paleographer review claimed",Sequence alignment is not unique for repeated glyphs; do not equate changed runs with a count of original scribal errors.,0,3,3,Reported image support in prior analysis; source alternatives retained; not reverified by this numerical checker,"Sequence alignment is nonunique; this is accounting, not a unique history of errors."
9,replace,19,19,19,19,g,q,"Separate AI image-reading passes, including source-only adjudication; no human paleographer review claimed",Sequence alignment is not unique for repeated glyphs; do not equate changed runs with a count of original scribal errors.,0,3,3,Reported image support in prior analysis; source alternatives retained; not reverified by this numerical checker,"Sequence alignment is nonunique; this is accounting, not a unique history of errors."
9,replace,27,27,27,27,g,q,"Separate AI image-reading passes, including source-only adjudication; no human paleographer review claimed",Sequence alignment is not unique for repeated glyphs; do not equate changed runs with a count of original scribal errors.,0,3,3,Reported image support in prior analysis; source alternatives retained; not reverified by this numerical checker,"Sequence alignment is nonunique; this is accounting, not a unique history of errors."
9,delete,29,29,29,28,l,,"Separate AI image-reading passes, including source-only adjudication; no human paleographer review claimed",Sequence alignment is not unique for repeated glyphs; do not equate changed runs with a count of original scribal errors.,-1,3,2,Reported image support in prior analysis; source alternatives retained; not reverified by this numerical checker,"Sequence alignment is nonunique; this is accounting, not a unique history of errors."
10,replace,12,12,12,12,g,q,"Separate AI image-reading passes, including source-only adjudication; no human paleographer review claimed",Sequence alignment is not unique for repeated glyphs; do not equate changed runs with a count of original scribal errors.,0,2,2,Reported image support in prior analysis; source alternatives retained; not reverified by this numerical checker,"Sequence alignment is nonunique; this is accounting, not a unique history of errors."
10,replace,24,24,24,24,i,y,"Separate AI image-reading passes, including source-only adjudication; no human paleographer review claimed",Sequence alignment is not unique for repeated glyphs; do not equate changed runs with a count of original scribal errors.,0,2,2,Reported image support in prior analysis; source alternatives retained; not reverified by this numerical checker,"Sequence alignment is nonunique; this is accounting, not a unique history of errors."
