line,original_source,original_normalized_source,original_literal,selected_normalized_source,selected_literal,German_editorial,English_proposed_letter_scope,apparatus
1,hkü.43.zwinhalÿergxkrwwtzsklÿsgolp.45.xkmtgwmhÿpptwzgnsÿtfnng,hku.43.zwinhalyergxkrwwtzsklysgolp.45.xkmtgwmhypptwzgnsytfnng,der.[43].stehetitzoaufmsprungewoblen.[45].seinergernlosseinundihd,hku.43.zwinhalyergxkrwwtzsklysqolp.45.xkmtgwmhypptwzgnsytfnnq,der.[43].stehetitzoaufmsprungewollen.[45].seinergernlosseinundihn,Der [43] stehet itzo aufm Sprunge. Wollen [45] seiner gern los sein und ihn,[43] is now on the point of making a move [perhaps departing]. If [45] wish to be rid of him and,A second image-only comparison now strongly favors 43 against the two clear 45 groups and the 3 in the year 1637. This improves the graphic reading only; no code value is identified.
2,lpÿghotisnüprkgzgnÿxlüragfgnzggü.LL.xhlÿgnghtÿioozliÿhogridzgwr,lpyghotisnuprkgzgnyxluragfgnzggu.LL.xhlygnghtyioozliyhogridzgwr,entbehrenkonnedseistesnudzeitdas.[LL].schreibenweilsiesehendaserm,lpyghotisnuprkqzqnyxluraqfgnzggu.LLxhlygnghtyioozliyhogridzgwr,entbehrenkonnensoistesnunzeitdas.[LL]schreibenweilsiesehendaserm,"entbehren konnen, so ist es nun Zeit, das [LL] schreiben: weil sie sehen, das er m-","can do without him, now is the time for [LL] to write [perhaps to the following effect]: since they see that he ...","L2:27 source q→g has direct image support and gives Zeit. The colon after schreiben is editorial and expresses one scope interpretation, not decoded punctuation."
3,mafiswikalkgplügnhtüshÿclpkgkgxhrsoisgükegeltxofopnhlaxixkrgnhll,mafiswikalkgplugnhtushyclpkgkgxhrsoisgukegeltxofopnhlaxixkrgnhll,itdenschwfgangpdgfpppbwyfmdefbtbpoifmeqebacgothdkkkbiwrfqhnbkbig,mafiswikakgpugnhtiishycpkqkgxhrsoisgukeqeltxofopnhlaxixkrgnhllp,itdenschwedischengeneralendescommendohalbersichnichtuergleichen,it den Schwedischen Generalen des Commendo halber sich nicht uergleichen,... would not reach agreement with the Swedish generals over command ...,GENERALEN and the command phrase survive all 64 combined source alternatives. L3 h/u still changes nicht/nipht. uergleichen is literal; v is not in the cipher alphabet.
4,aaükgr.45.kwacÿfeltixiütlhklüaghfxzliolÿgÿwrbrtlkghgcimlügnzl,aaukgr.45.kwacyfeltixiutlhkluaghfxzliolygywrbrtlkghgcimlugnzl,uxohcm.[45].gpyyscyipdtcspfediqudbdsthcmgsdrtnwonifbeaaeghoeith,aaukgr.45.kwacyfeltixiuthkuaghfxzliolygywrbrtkqhgcimlugnz,wurden.[45].estatabererfordertedatsieihretqouppenbeydieschw,"†wurden†, [45] Estat aber erforderte, dat sie ihre †tqouppen† [Trouppen?] bey die Schw-","... [German has plural wurden], while the situation of [45] required a junction of their [troops?] with the Swedes ...","wurden is retained with its singular er / plural verb difficulty. Source L4:37 w gives q in tqouppen; x would give r but is not the image reading. dat remains literal, without a dialect claim."
5,lfisÿtfhohzembhkgrbmkgwgheünkwagxÿht?ozÿxlpleafo.LL.cgzm,lfisytfhohzembhkgrbmkgwgheunkwagxyht?ozyxlpleafo.LL.cgzm,edenunddieschwedenwiderbeysiestessen?mustengzxzm.[LL].ybwf,"lfisytfhohzembhkgrbmkgwgheunkwaqxyht,ozyxlpeafo.LLcgzm","edenunddieschwedenwiderbeysiestossen,mustenauch.[LL]acti","eden und die Schweden wider bey sie stossen musten, auch [LL] acti-",... and reciprocally of the Swedes with them; and [LL]’s actions ...,"This is a requirement for reciprocal joining, not evidence that movement occurred. LL is an alias for two angular signs, not a proven pair of Latin letters or a personal name."
6,üpiÿmooismaoixklhnkollpzsgbdixggünnplusgfoglegwünzzhng,upiymooismaoixklhnkollpzsgbdixggunnplusgfoglegwunzzhng,sldufmkdpfykdtdidhghigkwmexyfqecpkgngppadkbhyerpksxdhd,upiymooismaoixklhnkolpzsgbdixggunnplusqfogegwunzzhng,onesihmenitmergefielenunduberdasihmesolcheabsolutege,"ones ihme nit mer gefielen, und uber das ihme solche absolute Ge-","... no longer pleased him, and moreover such absolute authority ...",Source g/q gives solche/solcho. Source word divisions and modern umlauts are not supplied in the literal layer. Actions associated with LL is a grammatical reading.
7,alfoaÿnkhÿdimhÿwismaiilghzmssxlpxtwagpqhagrÿmlgxidolr,alfoaynkhydimhywismaiilghzmssxlpxtwagpqhagrymlgxidolr,tibixrlfcuxghcupgogxcggbeskontensostelletensieesdahin,afoaynkhydimhywismaiightmssxlpxtwagpqhagrymlgxidolr,waltwieerbegertenitgebenkontensostelletensieesdahin,"walt, wie er begerte, nit geben konten, so stelleten sie es dahin,","... as he demanded, [they] could not give him, they would leave the matter to ...",L7 overlap counted zero is selected; a one-sign alternative is supplied. The h/? reading also remains provisional. English [they] before could not give is syntactically supplied.
8,bd[blot]zlmrhfxÿnÿtiilhrnnmzünÿkqpkrfÿiklaoglltxkmtglkolii,bd[BLOT]zlmrhfxynytiilhrnnmzunykqpkrfyiklaoglltxkmtglkolii,wa[BLOT]sihmezuthungefelligwoltenihnauchgulaigotdkpbhdmgdf,bd[BLOT]zlmrhfxynytiilhrnnmzunykqpkrfyikaogltxkmtglkolii,wa[BLOT]sihmezuthungefelligwoltenihnauchwiderseinegelege,wa[BLOT]s ihme zu thun [gefellig/gefellng]; wolten ihn auch wider seine Gelege-,... what he found [pleasing?] to do. They would also not detain him against his convenience ...,The blot remains visible as a gap marker; its deleted extent is unknown. Zero advancement constrains no expansion length. Source ÿ/iÿ is a count uncertainty; n/r gives gefellig/gefellng.
9,slllÿsmaczllgnÿkgzgrihÿpnngtlcgnmotirmabnmgtgxzdaxrip,slllysmaczllgnykgzgrihypnngtlcgnmotirmabnmgtgxzdaxrip,migfumkwxweichudeubocftkkgepfzalhiqcphuygkcodqxzutlgl,slllysmaczllgnykqzqrihypnnqtcgnmotirmabnmgtgxzdaxrip,nheitnitaufhaltensondernihnnachihremitzigdnestatundm,"nheit nit aufhalten, sondern ihn nach [ihrem/khrem] †itzigdn† [itzigen?] Estat und M-",... but would have him given satisfaction according to [their?] [present?] circumstances and ...,Source m/n gives ihrem/khrem. L9:38 a is image-supported. Source L9:42 g gives d in itzigdn; h would give e but is not the image reading. itzigen is editorial conjecture.
10,üipofomioxigrzhtwnxhtnejwlp,uipofomioxigrzhtwnxhtneiwlp,pfimbiicmsddlxdosgudokygrfm,uipofomioxiqrzhtwnxhtneywlp,oglichkeitcontentirenlassen,oglichkeit contentire[n?] lassen.,... ability [contentiren: final n source-uncertain].,"Source q at 12 and ÿ at 24 have independent visual support. Source t at 21 remains uncertain, hence final n in contentiren is marked. No payment, arrears or sum is stated."
