absolute_zero_based,line,source_letter_position_one_based,normalized_offset_zero_based,cipher,key_phase,shift,plaintext
0,1,1,0,h,0,4,d
1,1,2,1,k,1,5,e
2,1,3,2,u,2,3,r
3,1,4,7,z,3,6,s
4,1,5,8,w,4,2,t
5,1,6,9,i,0,4,e
6,1,7,10,n,1,5,h
7,1,8,11,h,2,3,e
8,1,9,12,a,3,6,t
9,1,10,13,l,4,2,i
10,1,11,14,y,0,4,t
11,1,12,15,e,1,5,z
12,1,13,16,r,2,3,o
13,1,14,17,g,3,6,a
14,1,15,18,x,4,2,u
15,1,16,19,k,0,4,f
16,1,17,20,r,1,5,m
17,1,18,21,w,2,3,s
18,1,19,22,w,3,6,p
19,1,20,23,t,4,2,r
20,1,21,24,z,0,4,u
21,1,22,25,s,1,5,n
22,1,23,26,k,2,3,g
23,1,24,27,l,3,6,e
24,1,25,28,y,4,2,w
25,1,26,29,s,0,4,o
26,1,27,30,q,1,5,l
27,1,28,31,o,2,3,l
28,1,29,32,l,3,6,e
29,1,30,33,p,4,2,n
30,1,31,38,x,0,4,s
31,1,32,39,k,1,5,e
32,1,33,40,m,2,3,i
33,1,34,41,t,3,6,n
34,1,35,42,g,4,2,e
35,1,36,43,w,0,4,r
36,1,37,44,m,1,5,g
37,1,38,45,h,2,3,e
38,1,39,46,y,3,6,r
39,1,40,47,p,4,2,n
40,1,41,48,p,0,4,l
41,1,42,49,t,1,5,o
42,1,43,50,w,2,3,s
43,1,44,51,z,3,6,s
44,1,45,52,g,4,2,e
45,1,46,53,n,0,4,i
46,1,47,54,s,1,5,n
47,1,48,55,y,2,3,u
48,1,49,56,t,3,6,n
49,1,50,57,f,4,2,d
50,1,51,58,n,0,4,i
51,1,52,59,n,1,5,h
52,1,53,60,q,2,3,n
53,2,1,0,l,3,6,e
54,2,2,1,p,4,2,n
55,2,3,2,y,0,4,t
56,2,4,3,g,1,5,b
57,2,5,4,h,2,3,e
58,2,6,5,o,3,6,h
59,2,7,6,t,4,2,r
60,2,8,7,i,0,4,e
61,2,9,8,s,1,5,n
62,2,10,9,n,2,3,k
63,2,11,10,u,3,6,o
64,2,12,11,p,4,2,n
65,2,13,12,r,0,4,n
66,2,14,13,k,1,5,e
67,2,15,14,q,2,3,n
68,2,16,15,z,3,6,s
69,2,17,16,q,4,2,o
70,2,18,17,n,0,4,i
71,2,19,18,y,1,5,s
72,2,20,19,x,2,3,t
73,2,21,20,l,3,6,e
74,2,22,21,u,4,2,s
75,2,23,22,r,0,4,n
76,2,24,23,a,1,5,u
77,2,25,24,q,2,3,n
78,2,26,25,f,3,6,z
79,2,27,26,g,4,2,e
80,2,28,27,n,0,4,i
81,2,29,28,z,1,5,t
82,2,30,29,g,2,3,d
83,2,31,30,g,3,6,a
84,2,32,31,u,4,2,s
85,2,33,35,x,0,4,s
86,2,34,36,h,1,5,c
87,2,35,37,l,2,3,h
88,2,36,38,y,3,6,r
89,2,37,39,g,4,2,e
90,2,38,40,n,0,4,i
91,2,39,41,g,1,5,b
92,2,40,42,h,2,3,e
93,2,41,43,t,3,6,n
94,2,42,44,y,4,2,w
95,2,43,45,i,0,4,e
96,2,44,46,o,1,5,i
97,2,45,47,o,2,3,l
98,2,46,48,z,3,6,s
99,2,47,49,l,4,2,i
100,2,48,50,i,0,4,e
101,2,49,51,y,1,5,s
102,2,50,52,h,2,3,e
103,2,51,53,o,3,6,h
104,2,52,54,g,4,2,e
105,2,53,55,r,0,4,n
106,2,54,56,i,1,5,d
107,2,55,57,d,2,3,a
108,2,56,58,z,3,6,s
109,2,57,59,g,4,2,e
110,2,58,60,w,0,4,r
111,2,59,61,r,1,5,m
112,3,1,0,m,2,3,i
113,3,2,1,a,3,6,t
114,3,3,2,f,4,2,d
115,3,4,3,i,0,4,e
116,3,5,4,s,1,5,n
117,3,6,5,w,2,3,s
118,3,7,6,i,3,6,c
119,3,8,7,k,4,2,h
120,3,9,8,a,0,4,w
121,3,10,9,k,1,5,e
122,3,11,10,g,2,3,d
123,3,12,11,p,3,6,i
124,3,13,12,u,4,2,s
125,3,14,13,g,0,4,c
126,3,15,14,n,1,5,h
127,3,16,15,h,2,3,e
128,3,17,16,t,3,6,n
129,3,18,17,i,4,2,g
130,3,19,18,i,0,4,e
131,3,20,19,s,1,5,n
132,3,21,20,h,2,3,e
133,3,22,21,y,3,6,r
134,3,23,22,c,4,2,a
135,3,24,23,p,0,4,l
136,3,25,24,k,1,5,e
137,3,26,25,q,2,3,n
138,3,27,26,k,3,6,d
139,3,28,27,g,4,2,e
140,3,29,28,x,0,4,s
141,3,30,29,h,1,5,c
142,3,31,30,r,2,3,o
143,3,32,31,s,3,6,m
144,3,33,32,o,4,2,m
145,3,34,33,i,0,4,e
146,3,35,34,s,1,5,n
147,3,36,35,g,2,3,d
148,3,37,36,u,3,6,o
149,3,38,37,k,4,2,h
150,3,39,38,e,0,4,a
151,3,40,39,q,1,5,l
152,3,41,40,e,2,3,b
153,3,42,41,l,3,6,e
154,3,43,42,t,4,2,r
155,3,44,43,x,0,4,s
156,3,45,44,o,1,5,i
157,3,46,45,f,2,3,c
158,3,47,46,o,3,6,h
159,3,48,47,p,4,2,n
160,3,49,48,n,0,4,i
161,3,50,49,h,1,5,c
162,3,51,50,l,2,3,h
163,3,52,51,a,3,6,t
164,3,53,52,x,4,2,u
165,3,54,53,i,0,4,e
166,3,55,54,x,1,5,r
167,3,56,55,k,2,3,g
168,3,57,56,r,3,6,l
169,3,58,57,g,4,2,e
170,3,59,58,n,0,4,i
171,3,60,59,h,1,5,c
172,3,61,60,l,2,3,h
173,3,62,61,l,3,6,e
174,3,63,62,p,4,2,n
175,4,1,0,a,0,4,w
176,4,2,1,a,1,5,u
177,4,3,2,u,2,3,r
178,4,4,3,k,3,6,d
179,4,5,4,g,4,2,e
180,4,6,5,r,0,4,n
181,4,7,10,k,1,5,e
182,4,8,11,w,2,3,s
183,4,9,12,a,3,6,t
184,4,10,13,c,4,2,a
185,4,11,14,y,0,4,t
186,4,12,15,f,1,5,a
187,4,13,16,e,2,3,b
188,4,14,17,l,3,6,e
189,4,15,18,t,4,2,r
190,4,16,19,i,0,4,e
191,4,17,20,x,1,5,r
192,4,18,21,i,2,3,f
193,4,19,22,u,3,6,o
194,4,20,23,t,4,2,r
195,4,21,24,h,0,4,d
196,4,22,25,k,1,5,e
197,4,23,26,u,2,3,r
198,4,24,27,a,3,6,t
199,4,25,28,g,4,2,e
200,4,26,29,h,0,4,d
201,4,27,30,f,1,5,a
202,4,28,31,x,2,3,t
203,4,29,32,z,3,6,s
204,4,30,33,l,4,2,i
205,4,31,34,i,0,4,e
206,4,32,35,o,1,5,i
207,4,33,36,l,2,3,h
208,4,34,37,y,3,6,r
209,4,35,38,g,4,2,e
210,4,36,39,y,0,4,t
211,4,37,40,w,1,5,q
212,4,38,41,r,2,3,o
213,4,39,42,b,3,6,u
214,4,40,43,r,4,2,p
215,4,41,44,t,0,4,p
216,4,42,45,k,1,5,e
217,4,43,46,q,2,3,n
218,4,44,47,h,3,6,b
219,4,45,48,g,4,2,e
220,4,46,49,c,0,4,y
221,4,47,50,i,1,5,d
222,4,48,51,m,2,3,i
223,4,49,52,l,3,6,e
224,4,50,53,u,4,2,s
225,4,51,54,g,0,4,c
226,4,52,55,n,1,5,h
227,4,53,56,z,2,3,w
228,5,1,0,l,3,6,e
229,5,2,1,f,4,2,d
230,5,3,2,i,0,4,e
231,5,4,3,s,1,5,n
232,5,5,4,y,2,3,u
233,5,6,5,t,3,6,n
234,5,7,6,f,4,2,d
235,5,8,7,h,0,4,d
236,5,9,8,o,1,5,i
237,5,10,9,h,2,3,e
238,5,11,10,z,3,6,s
239,5,12,11,e,4,2,c
240,5,13,12,m,0,4,h
241,5,14,13,b,1,5,w
242,5,15,14,h,2,3,e
243,5,16,15,k,3,6,d
244,5,17,16,g,4,2,e
245,5,18,17,r,0,4,n
246,5,19,18,b,1,5,w
247,5,20,19,m,2,3,i
248,5,21,20,k,3,6,d
249,5,22,21,g,4,2,e
250,5,23,22,w,0,4,r
251,5,24,23,g,1,5,b
252,5,25,24,h,2,3,e
253,5,26,25,e,3,6,y
254,5,27,26,u,4,2,s
255,5,28,27,n,0,4,i
256,5,29,28,k,1,5,e
257,5,30,29,w,2,3,s
258,5,31,30,a,3,6,t
259,5,32,31,q,4,2,o
260,5,33,32,x,0,4,s
261,5,34,33,y,1,5,s
262,5,35,34,h,2,3,e
263,5,36,35,t,3,6,n
264,5,37,37,o,4,2,m
265,5,38,38,z,0,4,u
266,5,39,39,y,1,5,s
267,5,40,40,x,2,3,t
268,5,41,41,l,3,6,e
269,5,42,42,p,4,2,n
270,5,43,43,e,0,4,a
271,5,44,44,a,1,5,u
272,5,45,45,f,2,3,c
273,5,46,46,o,3,6,h
274,5,47,50,c,4,2,a
275,5,48,51,g,0,4,c
276,5,49,52,z,1,5,t
277,5,50,53,m,2,3,i
278,6,1,0,u,3,6,o
279,6,2,1,p,4,2,n
280,6,3,2,i,0,4,e
281,6,4,3,y,1,5,s
282,6,5,4,m,2,3,i
283,6,6,5,o,3,6,h
284,6,7,6,o,4,2,m
285,6,8,7,i,0,4,e
286,6,9,8,s,1,5,n
287,6,10,9,m,2,3,i
288,6,11,10,a,3,6,t
289,6,12,11,o,4,2,m
290,6,13,12,i,0,4,e
291,6,14,13,x,1,5,r
292,6,15,14,k,2,3,g
293,6,16,15,l,3,6,e
294,6,17,16,h,4,2,f
295,6,18,17,n,0,4,i
296,6,19,18,k,1,5,e
297,6,20,19,o,2,3,l
298,6,21,20,l,3,6,e
299,6,22,21,p,4,2,n
300,6,23,22,z,0,4,u
301,6,24,23,s,1,5,n
302,6,25,24,g,2,3,d
303,6,26,25,b,3,6,u
304,6,27,26,d,4,2,b
305,6,28,27,i,0,4,e
306,6,29,28,x,1,5,r
307,6,30,29,g,2,3,d
308,6,31,30,g,3,6,a
309,6,32,31,u,4,2,s
310,6,33,32,n,0,4,i
311,6,34,33,n,1,5,h
312,6,35,34,p,2,3,m
313,6,36,35,l,3,6,e
314,6,37,36,u,4,2,s
315,6,38,37,s,0,4,o
316,6,39,38,q,1,5,l
317,6,40,39,f,2,3,c
318,6,41,40,o,3,6,h
319,6,42,41,g,4,2,e
320,6,43,42,e,0,4,a
321,6,44,43,g,1,5,b
322,6,45,44,w,2,3,s
323,6,46,45,u,3,6,o
324,6,47,46,n,4,2,l
325,6,48,47,z,0,4,u
326,6,49,48,z,1,5,t
327,6,50,49,h,2,3,e
328,6,51,50,n,3,6,g
329,6,52,51,g,4,2,e
330,7,1,0,a,0,4,w
331,7,2,1,f,1,5,a
332,7,3,2,o,2,3,l
333,7,4,3,a,3,6,t
334,7,5,4,y,4,2,w
335,7,6,5,n,0,4,i
336,7,7,6,k,1,5,e
337,7,8,7,h,2,3,e
338,7,9,8,y,3,6,r
339,7,10,9,d,4,2,b
340,7,11,10,i,0,4,e
341,7,12,11,m,1,5,g
342,7,13,12,h,2,3,e
343,7,14,13,y,3,6,r
344,7,15,14,w,4,2,t
345,7,16,15,i,0,4,e
346,7,17,16,s,1,5,n
347,7,18,17,m,2,3,i
348,7,19,18,a,3,6,t
349,7,20,19,i,4,2,g
350,7,21,20,i,0,4,e
351,7,22,21,g,1,5,b
352,7,23,22,h,2,3,e
353,7,24,23,t,3,6,n
354,7,25,24,m,4,2,k
355,7,26,25,s,0,4,o
356,7,27,26,s,1,5,n
357,7,28,27,x,2,3,t
358,7,29,28,l,3,6,e
359,7,30,29,p,4,2,n
360,7,31,30,x,0,4,s
361,7,32,31,t,1,5,o
362,7,33,32,w,2,3,s
363,7,34,33,a,3,6,t
364,7,35,34,g,4,2,e
365,7,36,35,p,0,4,l
366,7,37,36,q,1,5,l
367,7,38,37,h,2,3,e
368,7,39,38,a,3,6,t
369,7,40,39,g,4,2,e
370,7,41,40,r,0,4,n
371,7,42,41,y,1,5,s
372,7,43,42,m,2,3,i
373,7,44,43,l,3,6,e
374,7,45,44,g,4,2,e
375,7,46,45,x,0,4,s
376,7,47,46,i,1,5,d
377,7,48,47,d,2,3,a
378,7,49,48,o,3,6,h
379,7,50,49,l,4,2,i
380,7,51,50,r,0,4,n
381,8,1,0,b,1,5,w
382,8,2,1,d,2,3,a
383,8,3,8,z,3,6,s
384,8,4,9,l,4,2,i
385,8,5,10,m,0,4,h
386,8,6,11,r,1,5,m
387,8,7,12,h,2,3,e
388,8,8,13,f,3,6,z
389,8,9,14,x,4,2,u
390,8,10,15,y,0,4,t
391,8,11,16,n,1,5,h
392,8,12,17,y,2,3,u
393,8,13,18,t,3,6,n
394,8,14,19,i,4,2,g
395,8,15,20,i,0,4,e
396,8,16,21,l,1,5,f
397,8,17,22,h,2,3,e
398,8,18,23,r,3,6,l
399,8,19,24,n,4,2,l
400,8,20,25,n,0,4,i
401,8,21,26,m,1,5,g
402,8,22,27,z,2,3,w
403,8,23,28,u,3,6,o
404,8,24,29,n,4,2,l
405,8,25,30,y,0,4,t
406,8,26,31,k,1,5,e
407,8,27,32,q,2,3,n
408,8,28,33,p,3,6,i
409,8,29,34,k,4,2,h
410,8,30,35,r,0,4,n
411,8,31,36,f,1,5,a
412,8,32,37,y,2,3,u
413,8,33,38,i,3,6,c
414,8,34,39,k,4,2,h
415,8,35,40,a,0,4,w
416,8,36,41,o,1,5,i
417,8,37,42,g,2,3,d
418,8,38,43,l,3,6,e
419,8,39,44,t,4,2,r
420,8,40,45,x,0,4,s
421,8,41,46,k,1,5,e
422,8,42,47,m,2,3,i
423,8,43,48,t,3,6,n
424,8,44,49,g,4,2,e
425,8,45,50,l,0,4,g
426,8,46,51,k,1,5,e
427,8,47,52,o,2,3,l
428,8,48,53,l,3,6,e
429,8,49,54,i,4,2,g
430,8,50,55,i,0,4,e
431,9,1,0,s,1,5,n
432,9,2,1,l,2,3,h
433,9,3,2,l,3,6,e
434,9,4,3,l,4,2,i
435,9,5,4,y,0,4,t
436,9,6,5,s,1,5,n
437,9,7,6,m,2,3,i
438,9,8,7,a,3,6,t
439,9,9,8,c,4,2,a
440,9,10,9,z,0,4,u
441,9,11,10,l,1,5,f
442,9,12,11,l,2,3,h
443,9,13,12,g,3,6,a
444,9,14,13,n,4,2,l
445,9,15,14,y,0,4,t
446,9,16,15,k,1,5,e
447,9,17,16,q,2,3,n
448,9,18,17,z,3,6,s
449,9,19,18,q,4,2,o
450,9,20,19,r,0,4,n
451,9,21,20,i,1,5,d
452,9,22,21,h,2,3,e
453,9,23,22,y,3,6,r
454,9,24,23,p,4,2,n
455,9,25,24,n,0,4,i
456,9,26,25,n,1,5,h
457,9,27,26,q,2,3,n
458,9,28,27,t,3,6,n
459,9,29,28,c,4,2,a
460,9,30,29,g,0,4,c
461,9,31,30,n,1,5,h
462,9,32,31,m,2,3,i
463,9,33,32,o,3,6,h
464,9,34,33,t,4,2,r
465,9,35,34,i,0,4,e
466,9,36,35,r,1,5,m
467,9,37,36,m,2,3,i
468,9,38,37,a,3,6,t
469,9,39,38,b,4,2,z
470,9,40,39,n,0,4,i
471,9,41,40,m,1,5,g
472,9,42,41,g,2,3,d
473,9,43,42,t,3,6,n
474,9,44,43,g,4,2,e
475,9,45,44,x,0,4,s
476,9,46,45,z,1,5,t
477,9,47,46,d,2,3,a
478,9,48,47,a,3,6,t
479,9,49,48,x,4,2,u
480,9,50,49,r,0,4,n
481,9,51,50,i,1,5,d
482,9,52,51,p,2,3,m
483,10,1,0,u,3,6,o
484,10,2,1,i,4,2,g
485,10,3,2,p,0,4,l
486,10,4,3,o,1,5,i
487,10,5,4,f,2,3,c
488,10,6,5,o,3,6,h
489,10,7,6,m,4,2,k
490,10,8,7,i,0,4,e
491,10,9,8,o,1,5,i
492,10,10,9,x,2,3,t
493,10,11,10,i,3,6,c
494,10,12,11,q,4,2,o
495,10,13,12,r,0,4,n
496,10,14,13,z,1,5,t
497,10,15,14,h,2,3,e
498,10,16,15,t,3,6,n
499,10,17,16,w,4,2,t
500,10,18,17,n,0,4,i
501,10,19,18,x,1,5,r
502,10,20,19,h,2,3,e
503,10,21,20,t,3,6,n
504,10,22,21,n,4,2,l
505,10,23,22,e,0,4,a
506,10,24,23,y,1,5,s
507,10,25,24,w,2,3,s
508,10,26,25,l,3,6,e
509,10,27,26,p,4,2,n
