# Cipher runs of "List zaszyfrowany", Biblioteka Kórnicka BK 1560 (WBC edition 343124), DjVu pages 065-067.
# Transcribed here from the scans, 28 Sept 2026. One row per cipher run.
# Columns: folio  tokens  interlinear gloss (contemporary hand, brown ink; "-" = none)  note
# Tokens: two-digit numbers are cipher; lower-case letters and "us", "ens" etc. are clear endings the writer left
# uncoded; a three-digit number is a code group. "?" marks a doubtful digit.
65	203 is	Literis	3-digit code group + clear ending
65	42 14 49 21 46 21 21 46 50 12 21	Celsissimus
65	25 23 46 51 42 14 25 21	Princeps	line break after 51
65	24 ui	qui
65	14 41 13	ego
65	17 49 46 46	alii
65	42 13 51 12 e 51 46 20	convenit
65	17 m 25 49 e 19 46	amplexi
65	21 y 51 42 e 23 e	syncere
65	25 23 13 42 e 21 21 46 50 us	processimus	line break after 21
65	23 14 42 20 17 50	rectam	line break after 14
65	42 44 23 46 21 20 46 17 51 17 50	Christianam
65	42 13 51 21 42 46 en 20 46 17 50	conscientiam
65	25 23 13 42 e 43 46 50 12 21	procedimus	line break after e
65	25 23 13 42 14 43 14 mus	procedemus	gloss written "et procedemus"; "et" is clear
65	42 44 23 46 21 20 46 17 ni	Christiani
65	41 14 23 17 51 20	gerent	cipher spells gerant
65	51 13 29 46 21 42 u 50	nobiscum	line break after 46
65	25 23 13 42 14 43 ant	procedant
65	50 46 21 14 23 17 51 20	miserant	after clear "uti ꝓ" (pro-): promiserant
65	51 13 21	nos
65	21 13 49 46 42 46 20 17 12 14 rant	sollicitaverant	cipher spells solicitaverant
65	50 12 21	mus	remitti-mus
65	13 44	Oh
65	17 12 43 46 2? et	audiret	the digit after the line break is 20 or 23, heavily struck
66	43 14 20 23 17 42 20 13 23	Detractor
66	29 12 23 41 12 51 43 us	Burgundus
66	17 51 20 46 43 46 12 21	Antidius
66	43 12 51 13 43	Dunod
66	25 er 40 46 43 13	perfido	line break after er
66	25 23 13 43 46 20 13 23 14	proditore
66	202	-	code group, no gloss; a "+" stands in the margin of this line
66	51 13 29 46 21	nobis
66	46 21 20 46	isti	line break after 21
66	25 17 20 23 46 15	patriae	gloss written "patria"
66	25 46 15	piae	gloss written "pie"
66	m 14 m 13 23 46 15	memoriae	gloss written "memorie"
66	40 12 51 42 20 21 m	functum	de- is clear at line end; 21 (s) written for 12 (u)
66	25 23 46 42 46 25 14 m	Principem	line break after 46; no 51 (n) written
66	21 14 23 29 17 51 12 m	Serbanum
66	21 14 43 12 19 46 20	seduxit	line break after 14
66	43 14 42 14 25 20 46 13 51 46 29 us	deceptionibus	line break after 14
66	13 29 12 13 49 12 tis	obvolutis
66	42 23 14 43 ens	credens
66	42 13 51 21 46 49 46 17	consilia	gloss written "et consilia"; "et" is clear
66	23 14 21 25 12 ens	respuens
66	51 13 21	nos
66	50 46 21 14 23 17 50	miseram
66	25 17 20 23 46 17 50	patriam	line break after 46
66	46 51 20 23 46 42 17 12? it	intricavit	last sign blotted: 12 or 27, then clear "it"
66	43 46 40 40 46 42 12 49 20 17 tes	difficultates	line break after 40
66	46 51 20 e 49 49 46 41 eretis	intelligeretis	line break after 49; f. 67 repeats "49 46 41 eretis" as catchword (counted once)
67	25 23 13 50 46 21 21 46 13 nes	promissiones
67	17 12 49 17	aula
67	43 14 40 12 51 42 20	defuncto	final o not enciphered (or 20 read as 10)
67	25 23 46 51 42 46 25 46	Principi
67	44 46 51 42	hinc
67	43 14 49 17 20 46 13 nes	delationes
67	40 17 49 21 17	falsa
67	42 13 50 25 er 20 17	comperta	line break after er
67	12 46 51 43 46 42 20 17 50	vindictam
67	21 12 50 17 20	sumat	line break after 12
67	41 14 41 14 51 29 e 46 13	Gergenbeio	cipher spells Gegenbeio
67	13 42 42 46 21 12 21	occisus
67	42 17 25 12 20	caput
67	44 13 51 13 23 17 23 46 46	honorarii	line break after 13
67	41 14 41 14 n 29 14 46 46	Gergenbeii	cipher spells Gegenbeii; line break after 14
67	41 46 20 y 48	Gityk	line break after 46
67	13 23 46 en 20 14	oriente	line break after 46
67	13 25 e 23 a 20 12 23	operatur
