# group	reading	where	evidence  (new or corrected THE=972 values forced by context in the 1807-08 despatches; graded '?' = inferred)
1453	hand	feb15 x2	"with one hand ... on the other hand"; pencil "one hand" on roll 14 frame 0024; slot 1450 ha.. < hand < 1454 happy
1105	,	feb15, dec1807, mar05	clause separator: 15 Feb "with one hand , they offer", "and with both , they pick"; never inside a word
962	.	feb15, feb22, dec1807	sentence end: 15 Feb "will also be the last 962. This Short Statement" (clear text follows); in "de x 962 it y" a slip for 968 ter
1104	;	feb15, feb22	clause end: "at last be driven to resistance 1104 if it does not succeed"; "...1116 1104. And then if I mistake not"
897	;	feb15, dec1807, mar05	clause end before a new clause: "against Great Britain 897 with the other"; "d ju ge 897 but"; "it 897 nor"
427	alliance	feb15 x2	"blessings of equal alliance against Great Britain"; "the projected alliance with this government"; slot 425 after < alli < 430 appear
426	against	feb15	"alliance against Great Britain"; slot 425 after < against < 427 alliance
38	Great Britain	feb15 x3	"If Great Britain should have so far recovered her senses"; pencil "G.B." frame 0024; slot 36 Germany < Gr < 41 however
1086	if	feb15 x5, feb22, dec1807	"if we do not accept this kindness" (pencil "if we do not accept" frame 0024), "if it succeeds", "if on the other hand"; slot 1083 ie < if < 1087 ig
621	war	feb15	"with the other they menace us with war"; replaces M 'ar'; slot 619 un < war < 623 we
1097	ki	feb15 x2	"accept this ki-nd-ness" (pencil "this kind"), "of the same ki-nd"; slot 1095 ju < ki < 1098 King
827	nd	feb15 x3, dec1807, mar05	ki-nd-ness, ki-nd, bou-nd-ary (pencil "Boundary" frame 0025), sta-nd (dec1807, mar05); replaces M 'ne'; slot 825 nce < nd < 829 ned
649	pi	feb15	"they pi-ck our po-ck-et-s" (pencil "pick our pockets"); slot 647 ph < pi < 651 plain
1292	et	feb15	po-ck-et-s; replaces M 'Et'
1131	sin	feb15	"the ble-s-sin-g-s"; pencil "blessings"; slot 1129 si < sin < 1132 sist
1415	ble	feb15	ble-s-sin-g-s (pencil); the M 'ble' from 0200R5 confirmed; also 'be' (C) in "will also be the last": two values
1016	dil	feb15	dil-ig-ence; slot 1014 die < dil < 1017 din
790	!(r)ence	feb15 x2, mar05	dil-ig-ence, im-pu-d-ence; the 1806 H 'rence' is the same group (diffe-rence)
1274	el	feb15	mer-el-y an experiment; slot 1273 el? < 1277 em
1458	have	feb15	"you will have a second"; slot 1456 has < have < 1459 he (921 is also have)
368	ven	feb15, feb22	1078 368 = dri-ven: pencil "driven" over it on frame 0024 ("at last be driven to resistance"); "that it has driven her" (22 Feb); slot 360 < ven < 369 very
1172	tri	feb15	"the first tri-al will also be the last"; slot 1169 tran < tri < 1175 tua
1517	far	feb15	"should have so far rec-over-ed her senses"; slot 1516 fa < far < 1519 favor
1366	over	feb15	rec-over-ed; slot 1361 or < over < 1367 our (1336 over also)
416	abandon	feb15	"as to have abandon-ed her doctr-in-e of impressment"; slot before 420 al / 424 affair
492	doctr	feb15	doctr-in-e; slot 486 diffe < doctr < 500 dy
624	well	feb15	"it would be well, not only to resist"; slot 623 we < well < 626 who
473	come	feb15	"you should have come to blo-w-s with Great Britain"; slot 470 con < come? (c-block 470-479)
1416	blo	feb15	blo-w-s; slot 1415 ble < blo < 1419 both
1164	tle	feb15	set-tle-ment; slot 1162 til < tle < 1165 to
726	bou	feb15	bou-nd-ary (MS 827, pencil "Boundary"); slot 723 bo < bou
391	wes	feb15	wes-ter-n bou-nd-ary; slot 390 were < wes < 393 when
1397	re	feb15	pencil "driven to resistance" frame 0024: re-sist-ance; 1379 is also re
1445	gres	feb15	ag-gres-s-ion-s "aggressions"; slot 1443 good < gres < 1450 ha
1181	ple	feb22	"thro-w-n her com-ple-te-ly into the arms of France"
1182	!ple	feb22	"in a State of the most com-ple-te hu-mil-i-ation" (replaces M 'sist'; 0194R14 M 'ples' agrees)
933	hu	feb22	hu-mil-i-ation; slot 932 how < hu < 934 o
431	ation	feb22	hu-mil-i-ation; slot 430 appear < ation < 432 tion
1002	dai	feb22	dis-dai-n; slot 1001 d < dai < 1005 de
705	ar	feb22	we-ar the crown; slot 704 ap < ar < 706 ard
461	crown	feb22 x2	"wear the crown of that Kingdom", "succeeds to the crown of Spain"; c-block 459-479
398	whose	feb22 x2	"convents whose character ... or whose wealth was desirable", "a league whose object would be"; slot 397 whom < whose < 402 word
19	consider	feb22	"he will no doubt consider himself as succeeding to dominion of her colonies"; slot 16 condition < consider < 21 could
472	colon	feb22	"dominion of her colon-ie-s"; c-block
1212	ally	feb22	"to elect between being the ally or the enemy of France"; slot 1210 an? < ally < 1216 an (1209 Agent < ally)
1283	enemy	feb22	"the ally or the enemy of France"; slot 1282 end < enemy < 1284 ent
195	ground	feb22	"on grounds ... different from those presented by circumstance"; slot 193 govern < ground < 199 hither
1174	true	feb22	"is it not our true policy to meet the danger at the threshold"; slot 1169 tran < true < 1175 tua
592	thr	feb22	thr-es-hold; slot 591 those < thr < 593 thro
1469	hold	feb22	thr-es-hold; slot 1467 his < hold < 1470 home
266	possib	feb22	"if possib-le shut it out altogether"; slot 264 Portugal < possib < 268 power
900	ut	feb22	"sh-ut it out"; slot 899 us < ut < 901 ga
108	toge	feb22	"al-toge-ther"; slot 106 thousand < toge < 109 toward
1103	?	feb22 x2	question mark: "...shut it out altogether 1103 Why should there not be a general American interest 1103 If the provinces"
1091	inter	feb22	"a general American inter-est"; slot 1090 in < inter < 1093 ise
563	rien	feb22	"isthmus of Da-rien"; slot 562 re < rien < 570 roa
15	common	feb22	"for the purposes of common def-ence"; slot 14 commit < common < 16 condition
1008	def	feb22	common def-ence; slot 1006 dec < def < 1009 del
299	rest	feb22	"let the union be rest-ric-ted to Cuba and Mexico"; slot 297 resolve < rest
877	ric	feb22	rest-ric-ted; slot 876 ria < ric < 882 ro
1255	!cu	feb22	cu-ba (M 'cus'/'cu' on 0200R17/0194R8)
710	ba	feb22	cu-ba; slot 706 ard < ba < 716 been
1301	ic	feb22	me-x-ic-o; slot 1298 ex < ic < 1302 ide
218	moment	feb22	"This is the moment to [form?] a league"; slot 207 Madrid < moment < 220 money
1315	lea	feb22	"a lea-gue whose object would be"; slot 1313 late < lea < 1318 let
1448	gue	feb22	lea-gue; slot 1443 good < gue < 1450 ha
1503	ever	feb22	"for-ever"; slot 1502 even < ever < 1509 expe
1358	old	feb22	"driven her [out] of her old and wise course of conduct"; slot 1354 of < old < 1359 ony
463	course	feb22	"wise course of conduct"; c-block (second Founders '463' is 1463 her in the MS)
855	!sup	feb22	"and sup-port-ed by Tal-ley-ran-d" (replaces M 'pal')
1288	ed	feb22	sup-port-ed
862	ran	feb22	Tal-ley-ran-d (Talleyrand); 867 is also ran
87	oppose	feb22	"Russia not only does not oppose, but actually assists him" (MS 87.1428.804 frame 0034L; Founders 1478); slot 64 Monarch < op.. < 91 particular; "object" also fits the slot
608	!u|v	feb22 PS, mar05 x2, feb1810, feb22	"fo-u-ch-er" Fouché (22 Feb PS 1538.608.744 and 5 Mar 1538.608.744.772), "ex-c-l-u-de" (22 Feb), "fra-u-d" (17 Feb 1810, pencil 'fraud'); replaces C 'va' / M 'v'
744	ch	feb22, mar05	Fou-ch-é (Fouché); slot 741 ce < ch < 745 chan
3	commen	feb22	"It will be commen-ced by Cretet, seconded by Fouché and supported by Talleyrand"; slot 1 circumstance < commen < 4 commerce
1420	by	feb22	"seconded by Fouché"; b-block 1419 both < by (1429 is also by)
359	truly	feb22	"on grounds truly different from those presented by circumstance"; slot 358 trust < truly < 360 tude
553	ope	mar05, feb1810	"the ope-ration of the November decree" (5 Mar), "the necessary ope-ration of a Policy" (17 Feb 1810, pencil 'operation'); slot 550 one < ope < 555 re
80	Nov	mar05 x2	"the operation of the Nov(ember) decree"; slot 64 Monarch < Nov < 91 particular
381	use	feb1810	"ab-use-d" (pencil 'abused'); slot 380 ur < use < 383 w
773	ea	mar05	"to sp-ea-k last evening" (5 Mar); keeps the 1806 M ea. In 22 Feb the first Bonaparte is written 773 (Founders and frame 0034R), the second 723 (bo): 773 there is a slip for 723
1239	cham	mar05	"I saw Cham-pa-g-ny yesterday mor-ning"; slot 1238 ces < cham < 1241 ci
1193	!pa	mar05	Cham-pa-g-ny (replaces M 'prob')
1579	ny	mar05	Champag-ny; slot 1577 mu < ny < 1585 now
1592	ning	mar05	mor-ning (1572 mor); slot 1591 < ning < 1594 ing
1166	tol	mar05	"he tol-d me"; slot 1165 to < tol < 1167 ton
1487	juris	mar05, dec1807	"the juris-di-c-tion of the judicial department" (frame 0643 copy has no 1482 after it; Founders inserts one); dec1807 "there [1487] no longer" is Founders for 1482 is; slot 1485 ite < juris < 1488 ke
485	depart	mar05	"ju-di-ci-al depart-ment"; slot 484 den < depart < 486 diffe
912	gra	mar05	"the gra-n-d juge"; slot 910 < gra < 914 gu
780	cta	mar05	"any expe-cta-tion of a favourable answer"; slot 779 < cta < 781 ct
1170	trans	mar05	"this was trans-mit-ted to Talleyrand"; slot 1169 tran < trans
1314	ley	mar05	Tal-ley-ran-d; slot 1313 late < ley < 1318 let
86	opportunity	mar05	"he was to speak last evening to the Emperor but had not the opportunity"; slot 64 Monarch < opp < 91 particular, next to 87 oppose
884	row	mar05	to-mor-row evening; slot 882 ro < row < 885 urs
133	because	mar05	"not on my account [only], because there are people ... who perhaps would not like"; slot 130 America < because < 137 between
258	perhaps	mar05 x3	"who perhaps would not like"; 9 Mar "two thousand seamen; perhaps he means to put [their ship]s in requisition also"; slot 257 people < perhaps < 264 Portugal
1030	dul	mar05	"they in-dul-ge themselves in communications with you"; slot 1028 il < dul < 1031 Du
1507	excep	mar05	"to make an excep-tion to the operation of the Nov. decree"; slot 1502 even < excep < 1509 expe
1137	cept	mar05	"such ex-cept-ion"; slot does not fit (1134 six < 1138 soon)
306	should	mar05	"such exception should have his consent"; slot 305 Russia < 306 < 307 second (316 is also should)
71	note	mar05	"the note of which a copy is subjoined"; slot 64 Monarch < note < 91 particular
1248	copy	mar05	"of which a copy is subjoined"; slot 1247 com < copy < 1249 cor
1092	join	mar05	sub-join-ed; slot 1090 in < join < 1095 ju
549	ong	mar05	"J. Arm-str-ong" signature (1224 arm, 987 str); slot 541 offer < ong < 550 one
1109	1	mar05	date "1808" = 1109.894.959.894
894	8	mar05 x2	date 1808
959	0	mar05	date 1808
895	—	mar05 x3, dec1807 x3	punctuation (dash) between clauses: "that — powerful as these have been — they will be sufficient"; never in a word
392	what	mar05	"and what has been said by the minister"; slot 390 were < what < 393 when
144	conclude	mar05	"yet one may conclude that something has been done"; slot 140 business < conclude < 146 confide
545	oke	mar05	"that Fouché sp-oke well"; slot 541 offer < oke < 550 one
214	matter	mar05	"and that the matter has been ad[dress]ed"; slot 207 Madrid < matter < 220 money
678	little	mar05	"gave little encouragement"; slot 676 letter < little < 679 look
697	aware	dec1807	"[Talleyrand] dare not ... not aware": the decode 'not aware' printed by Founders over 1587.697 (MS interlinear); weak
1436	get	dec1807	"the Emperor wished to get hold of the royal family"; slot 1435 ger < get < 1437 ging (Founders 1436 in 22 Feb is MS 1456)
248	order	dec1807	"the present order would appear to dictate some modifications"; slot 244 October < order < 249 other
838	x	dec1807	an-x-ie-ty ("with much anxiety"); 888 is also x
1300	execut	dec1807	"he could not lend himself to its execut-ion"; slot 1298 ex < execut < 1302 ide
241	occasion	dec1807	"I seize this occasion to warn you"; slot 240 < occasion < 244 October
771	du	dec1807, jan1810	"the duke of Cadore" (pencil 'duke' over 771.1488, roll 14 frame 0476); "will be a du-pe" (29 Dec 1807); slot 769 dress < du < 772 e
643	pe	dec1807	du-pe ("Russia is sincere and will be a dupe"); slot 639 pa < pe < 644 pen
318	sin	dec1807	sin-[ce]-re ("Russia is sincere"); slot 316 should < sin < 319
1226	ask	aug13	"there is no one even to ask a question on either subject"; slot 1225 as < ask < 1228 at
287	question	aug13	"to ask a question"; slot 286 Queen < question < 288 rather
796	tern	aug13	"your wes-tern li-mit-s" (391 wes, 1319 li, [15]69 mit)
604	turn	jan1810	"our business here has taken an other turn" (pencil 'an other turn and', roll 14 frame 0476); slot 603 tune < turn < 605 twe
70	negociation	jan1810	"the duke of Cadore and myself are in negociation for an adjustment" (pencil, frame 0476); slot 64 Monarch < neg < 91 particular
1488	!ke	jan1810	du-ke (pencil 'duke', frame 0476); confirms the M 'ke'
1222	are	jan1810	"myself are in" (pencil 'are'); 1223 is also are
1123	self	jan1810	my-self (pencil)
1187	pet	feb1810a	"Mr Pet-ry" (pencil 'Petry', frame 0494); slot 1186 tra < pet < 1188 pecu
576	!ry	feb1810a	Pet-ry (pencil); replaces M 'ery'
501	!M	feb1810a	"M. Petry" (pencil 'Mr'); 501 = m in 1806; 962 = the abbreviation point
1065	!form	feb1810a	"for form-ing a Convention" (pencil); slot 1064 for < form < 1069 France
470	!con	feb1810a	con-vention (pencil 'Convention' over 470.111)
111	vention	feb1810a	con-vention; slot 109 toward < vention < 112 ver
274	princip	feb1810a	"on princip-le-s" (pencil 'principles'); slot 273 princi < princip < 277 probab
292	reci	feb1810a	"reci-pro-cal" (pencil 'reciprocal'); slot 291 recei < reci < 293
806	pro	feb1810a	reci-pro-cal by position under the pencil; slot does not fit (805 add, 808 able)
1219	cal	feb1810a	reci-pro-cal / or advant-; position under pencil 'reciprocal advantage'
811	!advantage	feb1810a	pencil 'advantage' over the last group; 811 was 'age' (H 1806) — read here as ad-vant-age with 1219? left as 'advantage'
1077	tify	feb1810b	"to ju-s-tify the violence" (pencil 'to justify the violence'); slot 1075 refu < 1078 I
1156	!vi	feb1810b	vi-ol-ence (pencil)
944	ol	feb1810b	vi-ol-ence (pencil); replaces M 'vol?'
1380	!ready	feb1810b	al-ready (pencil 'already')
14	!commit	feb1810b	commit-ted (pencil 'committed')
606	execu	feb1810b	"which may in its execu[tion] be as much abused as the old" (pencil '...tion be'); slot 605 twe < 606 < 607 ty does not fit; left weak
526	!much	feb1810b	"as much abused" (pencil)
227	neither	feb1810b	"This judgement is neither hasty, uncharitable" (pencil); slot 225 near < neither < 228 never
919	hast	feb1810b	has-t-y (pencil 'hasty'); slot 917 half < hast < 921 have
588	nor	feb1810b	"neither hasty nor uncharitable" (pencil omits 'nor'); slot 587 they < 588 does not fit
1260	chari	feb1810b	un-chari-t-able (pencil 'uncharitable'); 22 Feb 1260.1401.578 = dou-b-t: two values or a clerk's slip in the triplicate
1007	ded	feb1810b	fo-un-ded (pencil 'founded'); slot 1006 dec < ded < 1009 del
68	necess	feb1810b	"the necess-ary ope-ration" (pencil '...ary'); slot 64 Monarch < necess < 70 negociation
460	licy	feb1810b	"a Po-licy" (pencil 'Policy'); 1806 H 'cy' (poli-cy)
1541	force	feb1810b	"the [ruin?] of force or fraud" (pencil 'fraud'); slot 1538 fo < force < 1543 forty
1068	fra	feb1810b	fra-u-d (pencil 'fraud'); slot 1065 form < fra < 1069 France
1422	bri	mar26	"this career of bri-ga-n-[720]-ge" (brigandage); slot 1419 both < bri < 1423 brother. 720 here would be "da", against the PS inference 720 = bir: left as a conflict
939	!ob	mar05	"the [152] of [120] is ob-sco-ur-e (obscure) and appears a little contra-di-c-tor-y" (frame 0643); replaces M 'sue'
467	contra	mar05	a little contra-di-c-tor-y; slot 465 count < 467 < 468 con
1168	!tor	mar05	contradic-tor-y (replaces M 'Pr')
960	5	mar05	date "5 March 1808" (960.505.1109.894.959.894; frame 0643), digit beside 959 = 0
847	ship	mar05	"perhaps he means to put [our] ship-s in requisition also" (9 Mar); slot 844 nty < ship < 848 side
