# group	reading	frame	note   (State Department clerk's pencil interlinear decodes read this session, 2026-10-02/03; grade H)
# roll 13 frame 0390 (27 Dec 1807) and 0391 (29 Dec 1807)
910	go	13/0390 x2	"permitted to go farther", "engaged to go"; C 'particular' and M 'jo' (Y-ru-jo) are the other readings
178	farther	13/0390	"go farther than any other person"
259	person	13/0390
697	avow	13/0390	"dare not avow his opinion"
958	(null)	13/0390	pencil skips it: "avow [958] his"
746	opinion	13/0390	"his opinion of it"
1409	bad	13/0390	"(bad as he thinks it)"
588	(null)	13/0390	pencil skips it: "bad as he [588] thinks it"; also skipped in 17 Feb 1810 "hasty [588] uncharitable"
1591	think	13/0390
522	more	13/0390	"do more than state"
853	state	13/0390
896	( )	13/0390 x2	parenthesis: "(that the present moment ... modifications)" opens and closes with 896
218	moment	13/0390	"the present moment" (Founders prints 248)
520	mod	13/0390	mod-if-ic-ation-s
1301	ic	13/0390
1155	wait	13/0390	"and I wait the result with much anxiety"
1260	dou	13/0390	"no longer a dou-b-t" (also 22 Feb 1808 dou-b-t)
629	wi	13/0390	wi-she-d; C 'v'
1436	get	13/0390	"to get hold of"
1469	hold	13/0390
882	ro	13/0390	ro-y-al
817	al	13/0390	ro-y-al (Founders prints 807)
1516	fa	13/0390	fa-mil-y
482	degree	13/0390	"a degree of wretchedness"
399	wretch	13/0390	wretch-ed-ness
1552	make	13/0390	"makes even scoundrels honest"
1120	sco	13/0390	sco-un-drel-s
535	un	13/0390
874	drel	13/0390
201	honest	13/0390
1117	ver	13/0390	ver-i-fied
705	ar	13/0390	Ar-an-j-o (pencil "Aranjo" = Araújo)
1196	tra	13/0390	be-tra-y-ed (pencil "betrayed"); M 'degra'
240	master	13/0390	"his master"; H 'roc' twice on 0195 (two values)
311	serve	13/0390	"he served and perhaps saved him"
258	perhaps	13/0390	confirms the 5 Mar 1808 inference
611	ved	13/0390	sa-ved
1219	ant	13/0390	"the assail-ant"
802	ab	13/0390	ab-and-one-d
1300	execut	13/0390	"its execution"
709	arti	13/0391	"mere arti-fic-e"
1307	fic	13/0391
1093	ise	13/0391	se-ise ("seize")
241	occasion	13/0391
281	promise	13/0391	"any promises which may be made here"
1460	head	13/0391	"on the head [of] Russia"
318	sin	13/0391	sin-[ce]-re
643	pe	13/0391	du-pe(d)
# roll 13 frame 0377 (15 Nov 1807, triplicate)
1228	at	13/0377	at-[965]-ment "attachment"
1557	mar	13/0377	mar-ry (H 'Marshal' on 0195: same opening)
576	ry	13/0377	mar-ry; also Pet-ry (14/0494)
286	Queen	13/0377	"the Queen Regent of Etruria"
1381	reg	13/0377
1292	Et	13/0377	Et-ru-ria
876	ria	13/0377
838	sure	13/0377	"I can as-sure you"
1325	long	13/0377	"Imperial longing"
246	opinion	13/0377	"opinion necessary to France"
68	necess	13/0377	also 17 Feb 1810 (pencil)
848	side	13/0377	"on our side of the Atlantic"
1099	lan	13/0377	At-lan-ti-c
1079	i	13/0377	im-per-i-al
# roll 14 pencil
1453	hand	14/0024	"with one hand"
38	Great Britain	14/0024	"G.B."
1086	if	14/0024	"if we do not accept"
368	ven	14/0024	dri-ven
726	bou	14/0025	"Boundary"
827	nd	14/0025	bou-nd-ary
604	turn	14/0476
70	negociation	14/0476
771	du	14/0476	"duke"; 13/0391 du-pe
1488	ke	14/0476
1222	are	14/0476
1187	pet	14/0494	"Petry"
1065	form	14/0494	"forming"
111	vention	14/0494	con-vention
274	princip	14/0494
292	recipro	14/0494	"reciprocal" (292 reci + 806? no: 806 = adv by slot, so 292 = reciprocal)
806	adv	14/0494	adv-ant-age
811	age	14/0494
1077	tify	14/0495	"justify"
1156	vi	14/0495	vi-ol-ence
944	ol	14/0495
1380	ready	14/0495
14	commit	14/0495
227	neither	14/0495
919	hast	14/0495
1007	ded	14/0495	foun-ded
460	licy	14/0495	po-licy
# roll 14 frames 0039-0040 (5/9 Mar 1808, the original, full pencil decode)
276	private	14/0039	"...vate." (pri-vate in the margin); slot 273 princi < private < 277 probab
1248	copy	14/0039
1092	join	14/0039	sub-join-ed
1279	em	14/0039	em-plo-y-ed (H 'Emp' elsewhere: same opening)
1519	favor	14/0039 x2
604	turn	14/0039	"a favorable turn"
678	little	14/0039 x3
339	tend	14/0039	in-tend-ed
960	4	14/0039	date "4th March 1808" (960.505.1109.894.959.894)
1109	1	14/0039
894	8	14/0039
959	0	14/0039
895	—	14/0039	dashes round "powerful as these have been" and "(Cretal)"
1251	cre	14/0039	Cre-tal (Cretet)
296	respect	14/0039	respect-ing
152	council	14/0039	"the council of Wednesday"
120	Wednesday	14/0039
939	ob	14/0039	ob-sco-ur-e
467	contra	14/0039
1168	tor	14/0039	contradic-tor-y
144	conclude	14/0039
1259	done	14/0039	"something has been done"
545	oke	14/0039	sp-oke
214	matter	14/0039
206	journ	14/0039	ad-journ-ed (pencil "adjourned")
1239	cham	14/0039	Cham-p-a-g-ny
1193	a	14/0039	Champ-a-gny; M 'prob'
1579	ny	14/0039
1592	ning	14/0039	mor-ning
1166	tol	14/0039	tol-d
401	within	14/0039	"the complaints within the jurisdiction"
1487	jur	14/0039	jur-is-di-c-tion
485	depart	14/0039
912	gra	14/0039	"Grand Juge"
1245	cou	14/0039	en-cou-r-ag-e-ment
781	ct	14/0039	expe-ct-ation (Founders 780)
1170	trans	14/0039
1314	ley	14/0039	Tal-ley-ran-d
86	opportunity	14/0039	"oppy."
1162	-	14/0039 x2	hyphen: "to-day", "to-morrow"
884	row	14/0039	mor-row
733	bur	14/0039	"burn my scrawl"
977	scr	14/0039	scr-aw-l; M 'scrip'
437	aw	14/0039
133	because	14/0039
210	master	14/0039	"their master"; slot 207 Madrid < master < 220 money
1030	dul	14/0039	in-dul-ge
573	most	14/0039	"most affectionately"
809	af	14/0039	af-fection-ate-ly
180	fection	14/0039
1229	ate	14/0039	affection-ate-ly; slot 1228 at < ate < 1230 c
1006	dec	14/0040	dec-lar-ed
1507	excep	14/0040
553	ope	14/0040	"operation" (also 17 Feb 1810 pencil)
80	Nov	14/0040	"Nov. decree"
1137	cept	14/0040	ex-cept-ion
316	should	14/0040	(Founders 306)
1125	sent	14/0040	con-sent
# roll 14 frame 0120 (13 Aug 1808): "[ena]ble you to do with the Floridas and your western li[mi]ts whatever you please" | "ask a question on either subject"
391	wes	14/0120	wes-tern
796	tern	14/0120
392	what	14/0120	what-ever
1503	ever	14/0120
1226	ask	14/0120
287	question	14/0120
# roll 14 frames 0053, 0083, 0086, 0132 (short passages)
1422	bri	14/0053	"brigandage" (26 Mar 1808): 1422.901.821.7[2/5]0.1433 bri-ga-n-da-ge
1433	ge	14/0053
1070	free	14/0086	"a free agent" (6 Jun 1808); H 'fre' elsewhere
1209	agent	14/0086
1377	pre	14/0086	"preparing for the worst"
639	pa	14/0086
635	wor	14/0086
1142	st	14/0086
396	while	14/0132 x2	"while they retain", "while France continues"
875	ret	14/0132	re-tain
815	ain	14/0132
351	tin	14/0132	con-tin-ue-s
1157	ue	14/0132	contin-ue-s; 1157 = ve elsewhere (u/v)
