ref	unread	reading
# Regrade of R9656 on 2026-10-02 with the null openers (∂6 ʃta) and the R9634 values; crib = faded clear copy f.335r (read_r9656.md).
l01	0	(nulls ∂6 ʃta) de la ve-ni-
l02	0	-da de los franceses
l04	7	(null ∂6) no {n4∠α8ʒoo} el papa
l05	0	cerca la venida de los franceses
l06	9	en {n4∠αʒt} si vienen {ɡ} que ha {ʒʃʃ}
l07	0	el papa
l09	5	{∂ɡ∂∂?8}
l10	2	{ʇ8} ha dicho
l12	2	(nulls ∂6 ʃta) {∂̶ʃ}
l13	10	{θ8ʒ74} al papa esta {ʇ} para {ʇεʒoo} por paz no
l14	13	{ɡyʒ8} que lo ha {ɡʒ} de la {ʒ8} de {ʇ8ʒx8}
l15	4	de el estado si no de no {ʇ7∂∂} que dineros
l16	11	que {ʃad z} la {ɡ∂∂7} de {xor z x} (null ∂6) que mas {∂̶7}
l17	1	{30}
l18	8	del que {∂4∠⊤ ∠8ʒoo}
v01	5	{ʃ} como {zʇ ʃu8⊃}
vB1	5	(nulls ∂6 ʃta) lo de {∂∂8∂7}
vB3	0	que esta ~muy ~sospechoso el papa que de (copy B3-B4)
vB4	1	{zub} se le ~haya ~mandado lo que ha fe-cho (copy B4)
